OBJECTID,Damage_Status,GID,BEGIN_DFO,END_DFO,RTE_NM,RTE_GRID,RTE_PRFX,RTE_NBR,RTE_SFX,RDBD_TYPE,DES_DRCT,COUNTY,MAP_LBL,ZOOM,EXT_DATE,Shape_Leng,Z_Mean,Z_Min,Z_Max,Avg_Slope,Min_Slope,Max_Slope,Longitude,Latitude,Nearest_Gauge,Max_Height,Return_Period,Distance_to_Coast_m,Nearest_Wave_Gauge,Max_WVHT,Max_Dir,Avg_WVHT,Avg_Dir,Nearest_Wind_Gauge,Max_WSPD,Max_WSPD_Dir,Avg_WSPD,Avg_WSPD_Dir,Nearest_Precip_Gauge,Precipitation,Rel_Elev_Mean,Rel_Elev_Min,Rel_Elev_Max,Inundation_Duration_Min
478,No Damage,211540,21.211,22.683,TL0028-KG,159818,TL,28,_,Single Roadbed,Northbound,_,San Luis-Vacek Pass Bridge,5,2/1/26,234.42855,3.059179744,0,5.800000191,3.09147094,0.054528717,8.0677948,-95.12715968,29.07723958,Glaveston,3.205,36743,6.427163319,Freeport,6.31,41,3.28,150,Freeport,41.7,327,26.5,201,League City,7.45,-0.145820256,-3.205,2.595000191,4164
489,Damage,1641255072,0,0.43,020AA0257,53700,CR,257,_,Single Roadbed,Westbound,Brazoria,BLUEWATER HWY,10,2/1/26,691.39847,1.655168788,1.169999957,1.850000024,1.463838865,0,11.47293186,-95.25014728,28.98161526,Glaveston,3.205,36743,116.8023664,Freeport,6.31,41,3.28,150,Freeport,41.7,327,26.5,201,League City,7.45,-1.549831212,-2.035000043,-1.354999976,2610
492,No Damage,1641255155,0,0.19,1309816,1641255155,CS,1309816,_,Single Roadbed,Westbound,_,BLUEWATER HWY,10,2/1/26,305.30173,1.824063046,1.570000052,2.035000086,1.45981724,0.012722837,6.154456139,-95.24574676,28.98493745,Glaveston,3.205,36743,115.2265744,Freeport,6.31,41,3.28,150,Freeport,41.7,327,26.5,201,League City,7.45,-1.380936954,-1.634999948,-1.169999914,1542
680,No Damage,1641255040,0.43,10.019,020AA0257,53700,CR,257,_,Single Roadbed,Westbound,Brazoria,BLUEWATER HWY,7,2/1/26,174.117,2.002082112,1.481999993,2.24000001,2.221642913,0.048052318,10.06200886,-95.12835287,29.07561202,Glaveston,3.205,36743,268.3803274,Freeport,6.31,41,3.28,150,Freeport,41.7,327,26.5,201,League City,7.45,-1.202917888,-1.723000007,-0.96499999,1686
681,No Damage,1641255040,0.43,10.019,020AA0257,53700,CR,257,_,Single Roadbed,Westbound,Brazoria,BLUEWATER HWY,7,2/1/26,174.04624,1.771767472,1.519999981,2.055000067,1.626013458,0.02448353,6.633088112,-95.12827423,29.0741798,Glaveston,3.205,36743,241.4678383,Freeport,6.31,41,3.28,150,Freeport,41.7,327,26.5,201,League City,7.45,-1.433232528,-1.685000019,-1.149999933,1650
682,Damage,1641255040,0.43,10.019,020AA0257,53700,CR,257,_,Single Roadbed,Westbound,Brazoria,BLUEWATER HWY,7,2/1/26,174.05926,1.78775909,1.460000038,2.00999999,1.986733191,0.02237956,6.920938492,-95.12819579,29.0725573,Glaveston,3.205,36743,78.00801186,Freeport,6.31,41,3.28,150,Freeport,41.7,327,26.5,201,League City,7.45,-1.41724091,-1.744999962,-1.19500001,1734
683,Damage,1641255040,0.43,10.019,020AA0257,53700,CR,257,_,Single Roadbed,Westbound,Brazoria,BLUEWATER HWY,7,2/1/26,174.16077,1.535567966,1.210000038,1.727499962,2.113269218,0.042393472,8.502006531,-95.12861373,29.07109787,Glaveston,3.205,36743,28.11226996,Freeport,6.31,41,3.28,150,Freeport,41.7,327,26.5,201,League City,7.45,-1.669432034,-1.994999962,-1.477500038,2490
684,Damage,1641255040,0.43,10.019,020AA0257,53700,CR,257,_,Single Roadbed,Westbound,Brazoria,BLUEWATER HWY,7,2/1/26,174.25836,1.523195076,1.289999962,1.674999952,1.903592701,0.022733556,5.913873196,-95.12937426,29.06969491,Glaveston,3.205,36743,94.94289205,Freeport,6.31,41,3.28,150,Freeport,41.7,327,26.5,201,League City,7.45,-1.681804924,-1.915000038,-1.530000048,2250
685,Damage,1641255040,0.43,10.019,020AA0257,53700,CR,257,_,Single Roadbed,Westbound,Brazoria,BLUEWATER HWY,7,2/1/26,174.4923,1.511943275,1.216666698,1.700000048,1.734419013,0.045467105,8.215826035,-95.13031738,29.06846842,Glaveston,3.205,36743,112.6623461,Freeport,6.31,41,3.28,150,Freeport,41.7,327,26.5,201,League City,7.45,-1.693056725,-1.988333302,-1.504999952,2478
686,Damage,1641255040,0.43,10.019,020AA0257,53700,CR,257,_,Single Roadbed,Westbound,Brazoria,BLUEWATER HWY,7,2/1/26,174.73373,1.586333155,1.235000014,1.809999943,1.689900366,0.025186982,10.78817844,-95.13184356,29.0675001,Glaveston,3.205,36743,88.08208303,Freeport,6.31,41,3.28,150,Freeport,41.7,327,26.5,201,League City,7.45,-1.618666845,-1.969999986,-1.395000057,2454
687,No Damage,1641255040,0.43,10.019,020AA0257,53700,CR,257,_,Single Roadbed,Westbound,Brazoria,BLUEWATER HWY,7,2/1/26,174.61859,1.487489157,1.274999976,1.620000005,1.29723297,0.009088872,5.79036665,-95.13342866,29.06667556,Glaveston,3.205,36743,123.9426067,Freeport,6.31,41,3.28,150,Freeport,41.7,327,26.5,201,League City,7.45,-1.717510843,-1.930000024,-1.584999995,2310
688,No Damage,1641255040,0.43,10.019,020AA0257,53700,CR,257,_,Single Roadbed,Westbound,Brazoria,BLUEWATER HWY,7,2/1/26,174.38647,1.545700194,1.309999943,1.676666617,1.786709721,0.02273437,7.78284359,-95.13477752,29.06544998,Glaveston,3.205,36743,207.0625054,Freeport,6.31,41,3.28,150,Freeport,41.7,327,26.5,201,League City,7.45,-1.659299806,-1.895000057,-1.528333383,2160
689,No Damage,1641255040,0.43,10.019,020AA0257,53700,CR,257,_,Single Roadbed,Westbound,Brazoria,BLUEWATER HWY,7,2/1/26,174.30449,1.649010461,1.25999999,1.893333316,1.723979209,0.035756405,9.855018616,-95.13566611,29.06423808,Glaveston,3.205,36743,150.8098772,Freeport,6.31,41,3.28,150,Freeport,41.7,327,26.5,201,League City,7.45,-1.555989539,-1.94500001,-1.311666684,2346
690,Damage,1641255040,0.43,10.019,020AA0257,53700,CR,257,_,Single Roadbed,Westbound,Brazoria,BLUEWATER HWY,7,2/1/26,174.35554,1.784769646,1.399999976,1.956666708,1.577875851,0.06083288,7.270856857,-95.13646577,29.06311592,Glaveston,3.205,36743,103.1559989,Freeport,6.31,41,3.28,150,Freeport,41.7,327,26.5,201,League City,7.45,-1.420230354,-1.805000024,-1.248333292,1818
691,Damage,1641255040,0.43,10.019,020AA0257,53700,CR,257,_,Single Roadbed,Westbound,Brazoria,BLUEWATER HWY,7,2/1/26,174.54369,1.650693388,1.289999962,1.779999971,1.503892316,0,9.863670349,-95.13772162,29.06180761,Glaveston,3.205,36743,93.61924541,Freeport,6.31,41,3.28,150,Freeport,41.7,327,26.5,201,League City,7.45,-1.554306612,-1.915000038,-1.425000029,2250
692,Damage,1641255040,0.43,10.019,020AA0257,53700,CR,257,_,Single Roadbed,Westbound,Brazoria,BLUEWATER HWY,7,2/1/26,174.57417,1.710248016,1.289999962,1.909999967,1.260338788,0,10.12163162,-95.13914507,29.06072528,Glaveston,3.205,36743,89.46563977,Freeport,6.31,41,3.28,150,Freeport,41.7,327,26.5,201,League City,7.45,-1.494751984,-1.915000038,-1.295000033,2250
693,Damage,1641255040,0.43,10.019,020AA0257,53700,CR,257,_,Single Roadbed,Westbound,Brazoria,BLUEWATER HWY,7,2/1/26,174.5759,1.879566229,1.534999967,2.00999999,1.727847849,0,10.81716824,-95.14050112,29.05969509,Glaveston,3.205,36743,83.25576533,Freeport,6.31,41,3.28,150,Freeport,41.7,327,26.5,201,League City,7.45,-1.325433771,-1.670000033,-1.19500001,1626
694,Damage,1641255040,0.43,10.019,020AA0257,53700,CR,257,_,Single Roadbed,Westbound,Brazoria,BLUEWATER HWY,7,2/1/26,174.57706,1.828703441,1.450000048,1.977499962,2.461303269,0.04424255,11.08043385,-95.14168489,29.05879577,Glaveston,3.205,36743,81.93299219,Freeport,6.31,41,3.28,150,Freeport,41.7,327,26.5,201,League City,7.45,-1.376296559,-1.754999952,-1.227500038,1740
695,Damage,1641255040,0.43,10.019,020AA0257,53700,CR,257,_,Single Roadbed,Westbound,Brazoria,BLUEWATER HWY,7,2/1/26,174.57712,1.871257442,1.616000056,2.073333263,1.996277695,0.007267811,12.19051552,-95.14321098,29.05763242,Glaveston,3.205,36743,76.38364412,Freeport,6.31,41,3.28,150,Freeport,41.7,327,26.5,201,League City,7.45,-1.333742558,-1.588999944,-1.131666737,1422
696,Damage,1641255040,0.43,10.019,020AA0257,53700,CR,257,_,Single Roadbed,Westbound,Brazoria,BLUEWATER HWY,7,2/1/26,174.57885,1.77770992,1.620000005,1.940000057,1.289847865,0.029107355,6.152987003,-95.14456406,29.05659921,Glaveston,3.205,36743,71.57720455,Freeport,6.31,41,3.28,150,Freeport,41.7,327,26.5,201,League City,7.45,-1.42729008,-1.584999995,-1.264999943,1410
697,Damage,1641255040,0.43,10.019,020AA0257,53700,CR,257,_,Single Roadbed,Westbound,Brazoria,BLUEWATER HWY,7,2/1/26,174.58952,1.77647999,1.519999981,2.079999924,1.525944535,0.029145885,7.417896271,-95.14577537,29.0556785,Glaveston,3.205,36743,66.85597927,Freeport,6.31,41,3.28,150,Freeport,41.7,327,26.5,201,League City,7.45,-1.42852001,-1.685000019,-1.125000076,1650
698,Damage,1641255040,0.43,10.019,020AA0257,53700,CR,257,_,Single Roadbed,Westbound,Brazoria,BLUEWATER HWY,7,2/1/26,174.69187,1.914281898,1.700000048,2.11500001,1.321608685,0.012593943,4.525704861,-95.14711945,29.05471822,Glaveston,3.205,36743,65.83499747,Freeport,6.31,41,3.28,150,Freeport,41.7,327,26.5,201,League City,7.45,-1.290718102,-1.504999952,-1.08999999,1164
699,Damage,1641255040,0.43,10.019,020AA0257,53700,CR,257,_,Single Roadbed,Westbound,Brazoria,BLUEWATER HWY,7,2/1/26,174.78778,1.769898974,1.379999995,1.99000001,2.138060149,0,10.20813084,-95.14864401,29.05396236,Glaveston,3.205,36743,84.05395402,Freeport,6.31,41,3.28,150,Freeport,41.7,327,26.5,201,League City,7.45,-1.435101026,-1.825000005,-1.21499999,1896
700,Damage,1641255040,0.43,10.019,020AA0257,53700,CR,257,_,Single Roadbed,Westbound,Brazoria,BLUEWATER HWY,7,2/1/26,174.65743,1.617352741,1.330000043,1.799999952,1.873622112,0.011615942,10.58492374,-95.15073368,29.05282839,Glaveston,3.205,36743,121.2429083,Freeport,6.31,41,3.28,150,Freeport,41.7,327,26.5,201,League City,7.45,-1.587647259,-1.874999957,-1.405000048,2064
702,Damage,1641255040,0.43,10.019,020AA0257,53700,CR,257,_,Single Roadbed,Westbound,Brazoria,BLUEWATER HWY,7,2/1/26,174.63231,1.620371216,1.330000043,1.820000052,1.358361888,0.044094764,5.978943348,-95.15326013,29.05109346,Glaveston,3.205,36743,127.2278266,Freeport,6.31,41,3.28,150,Freeport,41.7,327,26.5,201,League City,7.45,-1.584628784,-1.874999957,-1.384999948,2064
704,Damage,1641255040,0.43,10.019,020AA0257,53700,CR,257,_,Single Roadbed,Westbound,Brazoria,BLUEWATER HWY,7,2/1/26,174.63936,1.429626383,1.029999971,1.570000052,1.198800945,0.039454654,8.774087906,-95.15608495,29.04915206,Glaveston,3.205,36743,127.2233124,Freeport,6.31,41,3.28,150,Freeport,41.7,327,26.5,201,League City,7.45,-1.775373617,-2.175000029,-1.634999948,2892
706,Damage,1641255040,0.43,10.019,020AA0257,53700,CR,257,_,Single Roadbed,Westbound,Brazoria,BLUEWATER HWY,7,2/1/26,174.64261,1.498372178,1.289999962,1.649999976,1.316540418,0,7.762351036,-95.15891605,29.04721762,Glaveston,3.205,36743,129.8934369,Freeport,6.31,41,3.28,150,Freeport,41.7,327,26.5,201,League City,7.45,-1.706627822,-1.915000038,-1.555000024,2250
707,Damage,1641255040,0.43,10.019,020AA0257,53700,CR,257,_,Single Roadbed,Westbound,Brazoria,BLUEWATER HWY,7,2/1/26,174.64391,1.626617331,1.389999986,1.789999962,1.458937976,0.032993048,7.308225632,-95.16029829,29.04627315,Glaveston,3.205,36743,128.8114491,Freeport,6.31,41,3.28,150,Freeport,41.7,327,26.5,201,League City,7.45,-1.578382669,-1.815000014,-1.415000038,1848
708,Damage,1641255040,0.43,10.019,020AA0257,53700,CR,257,_,Single Roadbed,Westbound,Brazoria,BLUEWATER HWY,7,2/1/26,174.64176,1.633718035,1.49000001,1.875,1.195304535,0.031186998,4.955014229,-95.16175582,29.04526851,Glaveston,3.205,36743,128.4159953,Freeport,6.31,41,3.28,150,Freeport,41.7,327,26.5,201,League City,7.45,-1.571281965,-1.71499999,-1.33,1680
709,Damage,1641255040,0.43,10.019,020AA0257,53700,CR,257,_,Single Roadbed,Westbound,Brazoria,BLUEWATER HWY,7,2/1/26,174.64699,1.610717113,1.440000057,1.789999962,0.995129695,0.033929989,3.574450731,-95.16315675,29.04430929,Glaveston,3.205,36743,129.3668027,Freeport,6.31,41,3.28,150,Freeport,41.7,327,26.5,201,League City,7.45,-1.594282887,-1.764999943,-1.415000038,1758
710,Damage,1641255040,0.43,10.019,020AA0257,53700,CR,257,_,Single Roadbed,Westbound,Brazoria,BLUEWATER HWY,7,2/1/26,174.64861,1.608053124,1.460000038,1.754999995,1.203212457,0.016964996,7.460123062,-95.16457167,29.04334133,Glaveston,3.205,36743,127.7451672,Freeport,6.31,41,3.28,150,Freeport,41.7,327,26.5,201,League City,7.45,-1.596946876,-1.744999962,-1.450000005,1734
711,Damage,1641255040,0.43,10.019,020AA0257,53700,CR,257,_,Single Roadbed,Westbound,Brazoria,BLUEWATER HWY,7,2/1/26,174.63308,1.804005793,1.456666708,2.019999981,1.336884818,0.016964996,6.439161301,-95.16584324,29.04246553,Glaveston,3.205,36743,128.7271851,Freeport,6.31,41,3.28,150,Freeport,41.7,327,26.5,201,League City,7.45,-1.400994207,-1.748333292,-1.185000019,1734
712,Damage,1641255040,0.43,10.019,020AA0257,53700,CR,257,_,Single Roadbed,Westbound,Brazoria,BLUEWATER HWY,7,2/1/26,174.47989,1.769326536,1.580000043,1.899999976,1.107449957,0.018313142,4.570022106,-95.16732205,29.0412596,Glaveston,3.205,36743,95.70926615,Freeport,6.31,41,3.28,150,Freeport,41.7,327,26.5,201,League City,7.45,-1.435673464,-1.624999957,-1.305000024,1506
713,Damage,1641255040,0.43,10.019,020AA0257,53700,CR,257,_,Single Roadbed,Westbound,Brazoria,BLUEWATER HWY,7,2/1/26,174.53185,1.893511401,1.600000024,2.224999905,1.818771398,0.018313142,9.67173481,-95.16834935,29.04014923,Glaveston,3.205,36743,71.46420467,Freeport,6.31,41,3.28,150,Freeport,41.7,327,26.5,201,League City,7.45,-1.311488599,-1.604999976,-0.980000095,1458
714,Damage,1641255040,0.43,10.019,020AA0257,53700,CR,257,_,Single Roadbed,Westbound,Brazoria,BLUEWATER HWY,7,2/1/26,174.65174,2.068167014,1.875,2.293333292,1.889279054,0.062833235,7.120989323,-95.16966582,29.03914072,Glaveston,3.205,36743,68.01336593,Freeport,6.31,41,3.28,150,Freeport,41.7,327,26.5,201,League City,7.45,-1.136832986,-1.33,-0.911666708,882
715,Damage,1641255040,0.43,10.019,020AA0257,53700,CR,257,_,Single Roadbed,Westbound,Brazoria,BLUEWATER HWY,7,2/1/26,174.73322,1.977405671,1.763333321,2.279999971,1.913058685,0.056958135,12.31923676,-95.17122983,29.03813095,Glaveston,3.205,36743,68.95817844,Freeport,6.31,41,3.28,150,Freeport,41.7,327,26.5,201,League City,7.45,-1.227594329,-1.441666679,-0.925000029,1074
716,Damage,1641255040,0.43,10.019,020AA0257,53700,CR,257,_,Single Roadbed,Westbound,Brazoria,BLUEWATER HWY,7,2/1/26,174.79266,1.877679334,1.710000038,2.085000038,1.288861535,0.033753738,12.31923676,-95.1728927,29.03730503,Glaveston,3.205,36743,83.5616458,Freeport,6.31,41,3.28,150,Freeport,41.7,327,26.5,201,League City,7.45,-1.327320666,-1.494999962,-1.119999962,1134
717,Damage,1641255040,0.43,10.019,020AA0257,53700,CR,257,_,Single Roadbed,Westbound,Brazoria,BLUEWATER HWY,7,2/1/26,174.78131,1.880391479,1.580000043,2.079999924,1.276533456,0.055267144,7.025773048,-95.17453035,29.03650923,Glaveston,3.205,36743,112.1567509,Freeport,6.31,41,3.28,150,Freeport,41.7,327,26.5,201,League City,7.45,-1.324608521,-1.624999957,-1.125000076,1506
718,Damage,1641255040,0.43,10.019,020AA0257,53700,CR,257,_,Single Roadbed,Westbound,Brazoria,BLUEWATER HWY,7,2/1/26,174.77744,1.510302592,1.169999957,1.833333373,1.880367473,0.029210947,8.204328537,-95.1758464,29.03584755,Glaveston,3.205,36743,136.6115934,Freeport,6.31,41,3.28,150,Freeport,41.7,327,26.5,201,League City,7.45,-1.694697408,-2.035000043,-1.371666627,2610
719,No Damage,1641255040,0.43,10.019,020AA0257,53700,CR,257,_,Single Roadbed,Westbound,Brazoria,BLUEWATER HWY,7,2/1/26,174.74177,1.546053116,1.149999976,1.75999999,2.103080987,0.032266509,9.9459877,-95.17743452,29.03502863,Glaveston,3.205,36743,160.7837587,Freeport,6.31,41,3.28,150,Freeport,41.7,327,26.5,201,League City,7.45,-1.658946884,-2.055000024,-1.44500001,2676
720,No Damage,1641255040,0.43,10.019,020AA0257,53700,CR,257,_,Single Roadbed,Westbound,Brazoria,BLUEWATER HWY,7,2/1/26,174.50685,1.498539002,1.129999995,1.63499999,1.324739574,0,10.62116241,-95.1788694,29.03400733,Glaveston,3.205,36743,148.6580979,Freeport,6.31,41,3.28,150,Freeport,41.7,327,26.5,201,League City,7.45,-1.706460998,-2.075000005,-1.57000001,2712
721,Damage,1641255040,0.43,10.019,020AA0257,53700,CR,257,_,Single Roadbed,Westbound,Brazoria,BLUEWATER HWY,7,2/1/26,174.41586,1.730082396,1.466666698,2.016666651,1.15991875,1.21E-06,5.121498585,-95.17975974,29.03295634,Glaveston,3.205,36743,99.27345398,Freeport,6.31,41,3.28,150,Freeport,41.7,327,26.5,201,League City,7.45,-1.474917604,-1.738333302,-1.188333349,1728
722,Damage,1641255040,0.43,10.019,020AA0257,53700,CR,257,_,Single Roadbed,Westbound,Brazoria,BLUEWATER HWY,7,2/1/26,174.59378,1.895090366,1.669999957,2.119999886,1.425545196,0.033929989,6.876275063,-95.1809831,29.03163,Glaveston,3.205,36743,87.40468393,Freeport,6.31,41,3.28,150,Freeport,41.7,327,26.5,201,League City,7.45,-1.309909634,-1.535000043,-1.085000114,1260
723,Damage,1641255040,0.43,10.019,020AA0257,53700,CR,257,_,Single Roadbed,Westbound,Brazoria,BLUEWATER HWY,7,2/1/26,174.68764,1.922320373,1.730000019,2.200000048,1.554622942,0.022733556,7.373495579,-95.18265063,29.03047758,Glaveston,3.205,36743,87.40378089,Freeport,6.31,41,3.28,150,Freeport,41.7,327,26.5,201,League City,7.45,-1.282679627,-1.474999981,-1.004999952,1098
724,Damage,1641255040,0.43,10.019,020AA0257,53700,CR,257,_,Single Roadbed,Westbound,Brazoria,BLUEWATER HWY,7,2/1/26,174.6933,1.825514097,1.669999957,2.13499999,1.539821331,0.025989594,7.586608887,-95.18392777,29.02964814,Glaveston,3.205,36743,92.15705123,Freeport,6.31,41,3.28,150,Freeport,41.7,327,26.5,201,League City,7.45,-1.379485903,-1.535000043,-1.07000001,1260
725,Damage,1641255040,0.43,10.019,020AA0257,53700,CR,257,_,Single Roadbed,Westbound,Brazoria,BLUEWATER HWY,7,2/1/26,174.69295,1.833865738,1.605000019,2.079999924,1.531582702,0.019726548,5.210091114,-95.1855217,29.02861075,Glaveston,3.205,36743,97.88654321,Freeport,6.31,41,3.28,150,Freeport,41.7,327,26.5,201,League City,7.45,-1.371134262,-1.599999981,-1.125000076,1458
726,Damage,1641255040,0.43,10.019,020AA0257,53700,CR,257,_,Single Roadbed,Westbound,Brazoria,BLUEWATER HWY,7,2/1/26,174.69401,1.797264785,1.536666632,2.180000067,2.218690794,0,9.557414055,-95.18667006,29.02786051,Glaveston,3.205,36743,103.3314484,Freeport,6.31,41,3.28,150,Freeport,41.7,327,26.5,201,League City,7.45,-1.407735215,-1.668333368,-1.024999933,1620
727,Damage,1641255040,0.43,10.019,020AA0257,53700,CR,257,_,Single Roadbed,Westbound,Brazoria,BLUEWATER HWY,7,2/1/26,174.69558,1.739641237,1.389999986,2.150000095,1.890222661,0.051167984,8.205525398,-95.18802656,29.02697427,Glaveston,3.205,36743,107.1624229,Freeport,6.31,41,3.28,150,Freeport,41.7,327,26.5,201,League City,7.45,-1.465358763,-1.815000014,-1.054999905,1848
728,Damage,1641255040,0.43,10.019,020AA0257,53700,CR,257,_,Single Roadbed,Westbound,Brazoria,BLUEWATER HWY,7,2/1/26,174.69053,1.618095518,1.389999986,1.799999952,1.543180284,0,5.875699043,-95.1897479,29.02584224,Glaveston,3.205,36743,111.5707027,Freeport,6.31,41,3.28,150,Freeport,41.7,327,26.5,201,League City,7.45,-1.586904482,-1.815000014,-1.405000048,1848
729,Damage,1641255040,0.43,10.019,020AA0257,53700,CR,257,_,Single Roadbed,Westbound,Brazoria,BLUEWATER HWY,7,2/1/26,174.67981,1.566942986,1.350000024,1.769999981,1.593929711,0.050894972,6.658986568,-95.19093811,29.02504204,Glaveston,3.205,36743,116.746194,Freeport,6.31,41,3.28,150,Freeport,41.7,327,26.5,201,League City,7.45,-1.638057014,-1.854999976,-1.435000019,2016
730,Damage,1641255040,0.43,10.019,020AA0257,53700,CR,257,_,Single Roadbed,Westbound,Brazoria,BLUEWATER HWY,7,2/1/26,174.67589,1.526764209,1.350000024,1.723333359,1.50358262,0.016964871,8.976379395,-95.19251765,29.0239542,Glaveston,3.205,36743,122.1305204,Freeport,6.31,41,3.28,150,Freeport,41.7,327,26.5,201,League City,7.45,-1.678235791,-1.854999976,-1.481666641,2016
731,Damage,1641255040,0.43,10.019,020AA0257,53700,CR,257,_,Single Roadbed,Westbound,Brazoria,BLUEWATER HWY,7,2/1/26,174.67752,1.613720744,1.36500001,1.830000043,1.273869785,0,10.20432758,-95.1939259,29.02297863,Glaveston,3.205,36743,122.243517,Freeport,6.31,41,3.28,150,Freeport,41.7,327,26.5,201,League City,7.45,-1.591279256,-1.83999999,-1.374999957,1968
732,Damage,1641255040,0.43,10.019,020AA0257,53700,CR,257,_,Single Roadbed,Westbound,Brazoria,BLUEWATER HWY,7,2/1/26,174.67974,1.823626608,1.649999976,1.952499986,1.134728133,2.43E-06,4.558916569,-95.19515068,29.02213015,Glaveston,3.205,36743,125.2769402,Freeport,6.31,41,3.28,150,Freeport,41.7,327,26.5,201,League City,7.45,-1.381373392,-1.555000024,-1.252500014,1302
734,Damage,1641255040,0.43,10.019,020AA0257,53700,CR,257,_,Single Roadbed,Westbound,Brazoria,BLUEWATER HWY,7,2/1/26,174.68465,1.687918226,1.529999971,1.852499962,1.072305514,0.044533934,8.392767906,-95.19815564,29.02005741,Glaveston,3.205,36743,55.91188733,Freeport,6.31,41,3.28,150,Freeport,41.7,327,26.5,201,League City,7.45,-1.517081774,-1.675000029,-1.352500038,1638
736,Damage,1641255040,0.43,10.019,020AA0257,53700,CR,257,_,Single Roadbed,Westbound,Brazoria,BLUEWATER HWY,7,2/1/26,174.6879,1.976443762,1.664999962,2.25999999,1.402839431,0,5.311121464,-95.20097781,29.01811248,Glaveston,3.205,36743,140.1171338,Freeport,6.31,41,3.28,150,Freeport,41.7,327,26.5,201,League City,7.45,-1.228556238,-1.540000038,-0.94500001,1266
738,Damage,1641255040,0.43,10.019,020AA0257,53700,CR,257,_,Single Roadbed,Westbound,Brazoria,BLUEWATER HWY,7,2/1/26,174.69676,2.131916696,1.909999967,2.319999933,1.359420888,0.049761482,8.132421494,-95.20382326,29.01615199,Glaveston,3.205,36743,147.6664659,Freeport,6.31,41,3.28,150,Freeport,41.7,327,26.5,201,League City,7.45,-1.073083304,-1.295000033,-0.885000067,846
741,Damage,1641255040,0.43,10.019,020AA0257,53700,CR,257,_,Single Roadbed,Westbound,Brazoria,BLUEWATER HWY,7,2/1/26,174.71598,1.767678172,1.629999995,1.879999995,1.146856165,0.039454654,4.870819569,-95.20809857,29.01332406,Glaveston,3.205,36743,168.1150068,Freeport,6.31,41,3.28,150,Freeport,41.7,327,26.5,201,League City,7.45,-1.437321828,-1.575000005,-1.325000005,1380
743,Damage,1641255040,0.43,10.019,020AA0257,53700,CR,257,_,Single Roadbed,Westbound,Brazoria,BLUEWATER HWY,7,2/1/26,174.71138,1.606730732,1.379999995,1.75999999,1.576100779,0.035806466,6.404648781,-95.21096232,29.01142611,Glaveston,3.205,36743,184.1444778,Freeport,6.31,41,3.28,150,Freeport,41.7,327,26.5,201,League City,7.45,-1.598269268,-1.825000005,-1.44500001,1896
746,No Damage,1641255040,0.43,10.019,020AA0257,53700,CR,257,_,Single Roadbed,Westbound,Brazoria,BLUEWATER HWY,7,2/1/26,174.71618,1.364876943,1.190000057,1.529999971,1.066764813,0.049057566,3.898698092,-95.21524227,29.00856103,Glaveston,3.205,36743,205.4600979,Freeport,6.31,41,3.28,150,Freeport,41.7,327,26.5,201,League City,7.45,-1.840123057,-2.014999943,-1.675000029,2568
748,No Damage,1641255040,0.43,10.019,020AA0257,53700,CR,257,_,Single Roadbed,Westbound,Brazoria,BLUEWATER HWY,7,2/1/26,174.69345,1.627618121,0,1.860000014,1.94500848,0.050894972,6.51720619,-95.21831318,29.00645767,Glaveston,3.205,36743,154.402388,Freeport,6.31,41,3.28,150,Freeport,41.7,327,26.5,201,League City,7.45,-1.577381879,-3.205,-1.344999986,4164
750,Damage,1641255040,0.43,10.019,020AA0257,53700,CR,257,_,Single Roadbed,Westbound,Brazoria,BLUEWATER HWY,7,2/1/26,174.7003,1.717894999,1.440000057,1.899999976,2.216956725,0.034412406,8.395899773,-95.2208434,29.00464908,Glaveston,3.205,36743,105.9495241,Freeport,6.31,41,3.28,150,Freeport,41.7,327,26.5,201,League City,7.45,-1.487105001,-1.764999943,-1.305000024,1758
753,Damage,1641255040,0.43,10.019,020AA0257,53700,CR,257,_,Single Roadbed,Westbound,Brazoria,BLUEWATER HWY,7,2/1/26,174.68811,1.639372553,1.370000005,1.830000043,2.110110744,0.025187884,8.315917969,-95.22500361,29.00162778,Glaveston,3.205,36743,231.0564277,Freeport,6.31,41,3.28,150,Freeport,41.7,327,26.5,201,League City,7.45,-1.565627447,-1.834999995,-1.374999957,1944
756,No Damage,1641255040,0.43,10.019,020AA0257,53700,CR,257,_,Single Roadbed,Westbound,Brazoria,BLUEWATER HWY,7,2/1/26,174.69143,1.678325001,1.39199996,1.904000044,2.565398558,0.03859834,10.82930946,-95.2290965,28.99862075,Glaveston,3.205,36743,233.9124008,Freeport,6.31,41,3.28,150,Freeport,41.7,327,26.5,201,League City,7.45,-1.526674999,-1.81300004,-1.300999956,1848
757,No Damage,1641255040,0.43,10.019,020AA0257,53700,CR,257,_,Single Roadbed,Westbound,Brazoria,BLUEWATER HWY,7,2/1/26,174.62019,1.702968995,1.269999981,1.873333335,2.289698328,0.058212128,9.98441219,-95.2305752,28.99750538,Glaveston,3.205,36743,223.2027723,Freeport,6.31,41,3.28,150,Freeport,41.7,327,26.5,201,League City,7.45,-1.502031005,-1.935000019,-1.331666665,2316
758,Damage,1641255040,0.43,10.019,020AA0257,53700,CR,257,_,Single Roadbed,Westbound,Brazoria,BLUEWATER HWY,7,2/1/26,174.42378,1.751440443,1.504999995,1.970000029,1.652935029,0.033930112,7.297867775,-95.23180018,28.99600421,Glaveston,3.205,36743,172.2736349,Freeport,6.31,41,3.28,150,Freeport,41.7,327,26.5,201,League City,7.45,-1.453559557,-1.700000005,-1.234999971,1662
759,Damage,1641255040,0.43,10.019,020AA0257,53700,CR,257,_,Single Roadbed,Westbound,Brazoria,BLUEWATER HWY,7,2/1/26,174.53349,1.763764148,1.5,2.029999971,2.154588307,0.053920295,6.846153259,-95.23247134,28.9950927,Glaveston,3.205,36743,141.0659386,Freeport,6.31,41,3.28,150,Freeport,41.7,327,26.5,201,League City,7.45,-1.441235852,-1.705,-1.175000029,1668
760,Damage,1641255040,0.43,10.019,020AA0257,53700,CR,257,_,Single Roadbed,Westbound,Brazoria,BLUEWATER HWY,7,2/1/26,174.6849,1.836354314,1.600000024,2.029999971,1.527690215,0.033929989,7.519014835,-95.23360018,28.99411295,Glaveston,3.205,36743,139.6114224,Freeport,6.31,41,3.28,150,Freeport,41.7,327,26.5,201,League City,7.45,-1.368645686,-1.604999976,-1.175000029,1458
761,Damage,1641255040,0.43,10.019,020AA0257,53700,CR,257,_,Single Roadbed,Westbound,Brazoria,BLUEWATER HWY,7,2/1/26,174.69277,1.774763568,1.580000043,1.966666698,1.173828015,0.016964996,4.117871284,-95.23526322,28.99285334,Glaveston,3.205,36743,139.8753285,Freeport,6.31,41,3.28,150,Freeport,41.7,327,26.5,201,League City,7.45,-1.430236432,-1.624999957,-1.238333302,1506
762,Damage,1641255040,0.43,10.019,020AA0257,53700,CR,257,_,Single Roadbed,Westbound,Brazoria,BLUEWATER HWY,7,2/1/26,174.695,1.920702926,1.669999957,2.062857151,1.262468144,0.002664874,6.344102859,-95.23656983,28.99187239,Glaveston,3.205,36743,53.90253946,Freeport,6.31,41,3.28,150,Freeport,41.7,327,26.5,201,League City,7.45,-1.284297074,-1.535000043,-1.142142849,1260
763,Damage,1641255040,0.43,10.019,020AA0257,53700,CR,257,_,Single Roadbed,Westbound,Brazoria,BLUEWATER HWY,7,2/1/26,174.69569,2.008590638,1.662500024,2.454999924,1.994277358,0.009829448,8.93912029,-95.23775144,28.99098527,Glaveston,3.205,36743,53.69552118,Freeport,6.31,41,3.28,150,Freeport,41.7,327,26.5,201,League City,7.45,-1.196409362,-1.542499976,-0.750000076,1266
764,Damage,1641255040,0.43,10.019,020AA0257,53700,CR,257,_,Single Roadbed,Westbound,Brazoria,BLUEWATER HWY,7,2/1/26,174.69459,2.059919356,1.870000005,2.25,1.321450231,0.030847488,12.07371998,-95.23929255,28.98982136,Glaveston,3.205,36743,95.13387752,Freeport,6.31,41,3.28,150,Freeport,41.7,327,26.5,201,League City,7.45,-1.145080644,-1.334999995,-0.955,894
766,Damage,1641255040,0.43,10.019,020AA0257,53700,CR,257,_,Single Roadbed,Westbound,Brazoria,BLUEWATER HWY,7,2/1/26,174.69803,1.912914291,1.75,2.029999971,1.09667844,0.026997559,4.16630125,-95.242009,28.98776394,Glaveston,3.205,36743,148.7729789,Freeport,6.31,41,3.28,150,Freeport,41.7,327,26.5,201,League City,7.45,-1.292085709,-1.455,-1.175000029,1086
770,No Damage,1584985149,0,2.906,254958,162735,CS,254958,_,Single Roadbed,Westbound,_,BLUEWATER HWY,10,2/1/26,174.70295,1.801271406,1.603333354,2.065000057,2.310775515,0.052981805,10.72155666,-95.25448369,28.97829271,Glaveston,3.205,36743,178.1726043,Freeport,6.31,41,3.28,150,Freeport,41.7,327,26.5,201,League City,7.45,-1.403728594,-1.601666646,-1.139999943,1458
773,No Damage,1584985149,0,2.906,254958,162735,CS,254958,_,Single Roadbed,Westbound,_,BLUEWATER HWY,10,2/1/26,174.70882,1.815681169,1.590000033,1.960000038,1.31789856,0,5.824629784,-95.25836527,28.97528234,Glaveston,3.205,36743,191.4784701,Freeport,6.31,41,3.28,150,Freeport,41.7,327,26.5,201,League City,7.45,-1.389318831,-1.614999967,-1.244999962,1482
775,No Damage,1584985149,0,2.906,254958,162735,CS,254958,_,Single Roadbed,Westbound,_,BLUEWATER HWY,10,2/1/26,174.71354,1.831180648,1.667999983,2,1.344963204,0,7.115054131,-95.26105711,28.97320003,Glaveston,3.205,36743,52.18406292,Freeport,6.31,41,3.28,150,Freeport,41.7,327,26.5,201,League City,7.45,-1.373819352,-1.537000017,-1.205,1260