OBJECTID,Damage_Status,STREET,PRE_DIR,PRE_TYPE,NAME,TYPE,SUF_DIR,ALIAS1,ALIAS1_TYP,ALIAS2,ALIAS2_TYP,NAME_ACCUR,L_F_ADD,L_T_ADD,R_F_ADD,R_T_ADD,ADD_ACCUR,SOURCE_DAT,DATA_SECUR,DISTRIBUTI,LOADDATE,QUALITY,SCALE,CO_NAME,MDEM_ID,Shape_Leng,Z_Mean,Z_Min,Z_Max,Avg_Slope,Min_Slope,Max_Slope,Nearest_Gauge,Max_Height,Return_Period,Max_WVHT,Max_Dir,Avg_WVHT,Avg_Dir,Max_WSPD,Max_WSPD_Dir,Avg_WSPD,Avg_WSPD_Dir,Nearest_Precip_Gauge,Precipitation,Rel_Elev_Mean,Rel_Elev_Min,Rel_Elev_Max,Longitude,Latitude,Distance_to_Coast_m,Inundation_Duration_Min
12005,Damage,E BEACH BLVD,E,,BEACH,BLVD,,90,HWY,,,7,0,0,0,0,7,Mississippi Gulf Base Mapping,5,E4,9/18/09,1,3,Harrison,2007 Coast,310.5305189,2.79364068,2.501405478,3.182499886,1.716286852,0.023591295,5.212880135,Dauphin Island,1.785,123,5.15,238,3.22,179,28.1,127,21.04,147,Brooklyn,79.78,1.00864068,0.716405478,1.397499886,-89.2768764,30.30513502,71.01059063,0
16547,No Damage,LADY MARY AVE,,,LADY MARY,AVE,,,,,,2,105,199,106,200,2,Mississippi Gulf Base Mapping,0,E4,9/18/09,0,0,Harrison,2007 Coast,474.755361,3.308889308,2.38166666,3.930000067,1.026219709,0.031848077,2.780889511,Dauphin Island,1.785,123,5.15,238,3.22,179,28.1,127,21.04,147,Brooklyn,134.78,1.523889308,0.59666666,2.145000067,-89.2801468,30.30681905,86.51073361,0
6012,No Damage,EVERETT ST,,,EVERETT,ST,,,,,,2,869,899,0,0,2,Mississippi Gulf Base Mapping,0,E4,9/18/09,0,0,Harrison,2007 Coast,86.2328943,2.593835063,1.179999948,3.180000067,4.219616811,0.031848077,16.06097412,Dauphin Island,1.785,123,5.15,238,3.22,179,28.1,127,21.04,147,Brooklyn,15.78,0.808835063,-0.605000052,1.395000067,-89.2803427,30.30896788,175.0470926,732
6862,No Damage,EVERETT ST,,,EVERETT,ST,,,,,,2,579,867,0,0,2,Mississippi Gulf Base Mapping,5,E4,9/18/09,1,3,Harrison,2007 Coast,220.0569742,2.357500878,1.830000043,3.276666641,2.527197983,0.063221194,16.3116951,Dauphin Island,1.785,123,5.15,238,3.22,179,28.1,127,21.04,147,Brooklyn,23.78,0.572500878,0.045000043,1.491666641,-89.2787399,30.3091516,213.5863083,0
5615,No Damage,BOISDORE AVE,,,BOISDORE,AVE,,,,,,2,121,109,120,210,2,Mississippi Gulf Base Mapping,5,E4,9/18/09,1,3,Harrison,2007 Coast,470.4819166,3.588350271,1.936282039,4.167500019,1.210812769,0.026691068,16.06097412,Dauphin Island,1.785,123,5.15,238,3.22,179,28.1,127,21.04,147,Brooklyn,13.78,1.803350271,0.151282039,2.382500019,-89.2792764,30.30694968,85.08402757,0
17970,No Damage,ELLIOTT AVE,,,ELLIOTT,AVE,,,,,,2,105,157,106,158,2,Mississippi Gulf Base Mapping,5,E4,9/18/09,1,3,Harrison,2007 Coast,454.8923057,3.25668044,1.909999967,4.527143002,1.710742873,0.105357617,7.67009306,Dauphin Island,1.785,123,5.15,238,3.22,179,28.1,127,21.04,147,Brooklyn,150.78,1.47168044,0.124999967,2.742143002,-89.2768919,30.30684715,83.65640874,0
6364,Damage,E BEACH BLVD,E,,BEACH,BLVD,,90,HWY,,,7,0,0,0,0,7,Mississippi Gulf Base Mapping,5,E4,9/18/09,1,3,Harrison,2007 Coast,906.3646353,2.785164158,2.369999886,3.404999971,1.706323391,0.011936182,6.546491146,Dauphin Island,1.785,123,5.15,238,3.22,179,28.1,127,21.04,147,Brooklyn,18.78,1.000164158,0.584999886,1.619999971,-89.2666497,30.30784744,64.89622116,0
18143,No Damage,CEDAR AVE,,,CEDAR,AVE,,,,,,2,107,199,106,198,2,Mississippi Gulf Base Mapping,5,E4,9/18/09,1,3,Harrison,2007 Coast,450.9529863,3.127628817,2.516666651,3.920000076,0.976293179,0.030724183,3.026573896,Dauphin Island,1.785,123,5.15,238,3.22,179,28.1,127,21.04,147,Brooklyn,154.78,1.342628817,0.731666651,2.135000076,-89.2713104,30.30793943,97.64746117,0
16459,No Damage,BEACH VIEW DR,,,BEACH VIEW,DR,,,,,,2,101,207,100,206,2,Mississippi Gulf Base Mapping,5,E4,9/18/09,1,3,Harrison,2007 Coast,272.957417,3.970570194,2.776666641,4.414999962,1.389954767,0.054251365,6.064089775,Dauphin Island,1.785,123,5.15,238,3.22,179,28.1,127,21.04,147,Brooklyn,131.78,2.185570194,0.991666641,2.629999962,-89.2688383,30.3084202,76.73356979,0
19579,No Damage,VISTA DR,,,VISTA,DR,,,,,,2,101,117,102,116,2,Mississippi Gulf Base Mapping,5,E4,9/18/09,1,3,Harrison,2007 Coast,266.7393987,3.91144569,2.697999954,4.420000076,1.448065579,0.081547171,7.782991886,Dauphin Island,1.785,123,5.15,238,3.22,179,28.1,127,21.04,147,Brooklyn,178.78,2.12644569,0.912999954,2.635000076,-89.2681727,30.30866664,78.13081544,0
18092,No Damage,SHELL ST,,,SHELL,ST,,,,,,3,0,0,0,0,2,Mississippi Gulf Base Mapping,5,E4,9/18/09,1,3,Harrison,2007 Coast,65.33076292,3.267340912,2.697999954,3.933333397,1.574651188,0.256631523,4.058001995,Dauphin Island,1.785,123,5.15,238,3.22,179,28.1,127,21.04,147,Brooklyn,151.78,1.482340912,0.912999954,2.148333397,-89.2690095,30.30965659,344.3809094,0
6878,No Damage,BARKLEY DR,,,BARKLEY,DR,,,,,,2,101,205,100,206,2,Mississippi Gulf Base Mapping,5,E4,9/18/09,1,3,Harrison,2007 Coast,497.8428324,3.580077648,2.069999933,4.440000057,1.508833083,0.096443757,7.009271145,Dauphin Island,1.785,123,5.15,238,3.22,179,28.1,127,21.04,147,Brooklyn,24.78,1.795077648,0.284999933,2.655000057,-89.2674643,30.30914737,77.31560469,0
16725,Damage,W BEACH BLVD,W,,BEACH,BLVD,,90,HWY,,,2,0,0,700,730,2,Mississippi Gulf Base Mapping,5,E4,9/18/09,1,3,Harrison,2007 Coast,274.7279381,3.503826203,2.670000076,4.425000191,2.096491929,0.03275777,9.52719593,Dauphin Island,1.785,123,5.15,238,3.22,179,28.1,127,21.04,147,Brooklyn,137.78,1.718826203,0.885000076,2.640000191,-89.2635445,30.30919189,81.70514346,0
15530,No Damage,JACKSON AVE,,,JACKSON,AVE,,,,,,2,1,11,2,12,2,Mississippi Gulf Base Mapping,0,E4,9/18/09,0,0,Harrison,2007 Coast,250.7005687,3.778804081,2.785000086,4.360000134,1.21402502,0.03275777,6.676772594,Dauphin Island,1.785,123,5.15,238,3.22,179,28.1,127,21.04,147,Brooklyn,121.78,1.993804081,1.000000086,2.575000134,-89.2652644,30.30969651,82.60992783,0
16859,No Damage,,,,,,,,,,,0,0,0,0,0,0,Mississippi Gulf Base Mapping,0,E4,9/18/09,0,0,Harrison,2007 Coast,109.2657805,2.957701073,2.392499924,3.416666746,1.104911222,0.227414355,2.336012363,Dauphin Island,1.785,123,5.15,238,3.22,179,28.1,127,21.04,147,Brooklyn,142.78,1.172701073,0.607499924,1.631666746,-89.2656844,30.31110251,329.6990799,0
16765,No Damage,MAGNOLIA AVE,,,MAGNOLIA,AVE,,,,,,2,111,199,110,198,2,Mississippi Gulf Base Mapping,5,E4,9/18/09,1,3,Harrison,2007 Coast,207.0028537,4.590829605,4.107500076,4.869999886,0.91260067,0.05639619,3.312106133,Dauphin Island,1.785,123,5.15,238,3.22,179,28.1,127,21.04,147,Brooklyn,139.78,2.805829605,2.322500076,3.084999886,-89.2626777,30.31067483,100.8544046,0
15231,No Damage,ST LOUIS ST,,,ST LOUIS,ST,,,,,,2,701,725,700,724,2,Mississippi Gulf Base Mapping,0,E4,9/18/09,0,0,Harrison,2007 Coast,109.8155688,4.675388244,4.239999771,4.869999886,0.947427224,0.024159485,2.62015605,Dauphin Island,1.785,123,5.15,238,3.22,179,28.1,127,21.04,147,Brooklyn,116.78,2.890388244,2.454999771,3.084999886,-89.263646,30.3112603,302.9861677,0
15494,No Damage,WEST END RD,,,WEST END,RD,,,,,,2,0,0,0,0,2,Mississippi Gulf Base Mapping,0,E4,9/18/09,0,0,Harrison,2007 Coast,203.6038605,3.197286939,2.319999933,4.579999924,2.077062715,0.340510458,3.976267099,Dauphin Island,1.785,123,5.15,238,3.22,179,28.1,127,21.04,147,Brooklyn,120.78,1.412286939,0.534999933,2.794999924,-89.2642919,30.31145426,309.5219244,0
13941,Damage,E BEACH BLVD,E,,BEACH,BLVD,,90,HWY,,,7,0,0,0,0,7,Mississippi Gulf Base Mapping,5,E4,9/18/09,1,3,Harrison,2007 Coast,249.3133661,3.067700851,2.474999905,3.453333378,2.747180846,0.081098296,7.912919521,Dauphin Island,1.785,123,5.15,238,3.22,179,28.1,127,21.04,147,Brooklyn,591.78,1.282700851,0.689999905,1.668333378,-89.2381122,30.31689128,73.56258571,0
19465,No Damage,E SCENIC DR,E,,SCENIC,DR,,,,,,2,301,399,300,398,2,Mississippi Gulf Base Mapping,5,E4,9/18/09,1,3,Harrison,2007 Coast,266.5996732,5.856012525,5.078101635,6.093333244,1.755456294,0.085428715,5.97530365,Dauphin Island,1.785,123,5.15,238,3.22,179,28.1,127,21.04,147,Brooklyn,201.78,4.071012525,3.293101635,4.308333244,-89.2405203,30.31657149,108.7846018,0
10092,No Damage,E BEACH BLVD,E,,BEACH,BLVD,,90,HWY,,,2,100,298,101,299,2,Mississippi Gulf Base Mapping,5,E4,9/18/09,1,3,Harrison,2007 Coast,503.748981,3.033802952,2.728333235,4.022500038,1.451454114,0.056607269,5.198179722,Dauphin Island,1.785,123,5.15,238,3.22,179,28.1,127,21.04,147,Brooklyn,193.78,1.248802952,0.943333235,2.237500038,-89.2442097,30.31476297,44.49520548,0
11912,No Damage,E BEACH BLVD,E,,BEACH,BLVD,,90,HWY,,,7,0,0,0,0,7,Mississippi Gulf Base Mapping,5,E4,9/18/09,1,3,Harrison,2007 Coast,243.9803704,3.306807548,3.00666666,3.86833334,2.815068371,0.061520316,7.964593887,Dauphin Island,1.785,123,5.15,238,3.22,179,28.1,127,21.04,147,Brooklyn,78.78,1.521807548,1.22166666,2.08333334,-89.2501321,30.31300129,29.7791205,0
8222,No Damage,W BEACH BLVD,W,,BEACH,BLVD,,90,HWY,,,2,0,0,400,498,2,Mississippi Gulf Base Mapping,5,E4,9/18/09,1,3,Harrison,2007 Coast,164.3682862,1.848378787,1.445000052,2.325000048,1.567002939,0.192775562,4.683069229,Dauphin Island,1.785,123,5.15,238,3.22,179,28.1,127,21.04,147,Brooklyn,41.78,0.063378787,-0.339999948,0.540000048,-89.2567372,30.31127333,88.83208511,240
12695,No Damage,E 2ND ST,E,,2ND,ST,,,,,,3,437,499,426,498,2,Mississippi Gulf Base Mapping,5,E4,9/18/09,1,3,Harrison,2007 Coast,88.30809446,4.475100133,4.152222157,4.95714283,1.357988222,0.044669706,4.229357719,Dauphin Island,1.785,123,5.15,238,3.22,179,28.1,127,21.04,147,Brooklyn,570.78,2.690100133,2.367222157,3.17214283,-89.238282,30.31947239,350.5214733,0
11309,Damage,E BEACH BLVD,E,,BEACH,BLVD,,90,HWY,,,7,0,0,0,0,7,Mississippi Gulf Base Mapping,5,E4,9/18/09,1,3,Harrison,2007 Coast,867.1557972,3.044025692,2.586666584,3.430000067,2.062023611,0.041530177,8.221066475,Dauphin Island,1.785,123,5.15,238,3.22,179,28.1,127,21.04,147,Brooklyn,545.78,1.259025692,0.801666584,1.645000067,-89.2327118,30.31858028,67.89293756,0
19757,No Damage,E SCENIC DR,E,,SCENIC,DR,,,,,,2,501,599,500,598,2,Mississippi Gulf Base Mapping,5,E4,9/18/09,1,3,Harrison,2007 Coast,454.3714543,5.314252163,4.590000153,5.900000095,1.816658425,0.097014502,5.194379807,Dauphin Island,1.785,123,5.15,238,3.22,179,28.1,127,21.04,147,Brooklyn,695.78,3.529252163,2.805000153,4.115000095,-89.2348016,30.31825556,113.3234759,0
9972,No Damage,E SCENIC DR,E,,SCENIC,DR,,,,,,2,601,699,600,698,2,Mississippi Gulf Base Mapping,5,E4,9/18/09,1,3,Harrison,2007 Coast,419.1267037,5.591227144,5.010000229,5.975999832,2.169970822,0.198544979,5.98091507,Dauphin Island,1.785,123,5.15,238,3.22,179,28.1,127,21.04,147,Brooklyn,526.78,3.806227144,3.225000229,4.190999832,-89.2306725,30.31981738,107.6928244,0
18721,No Damage,DONLIN AVE,,,DONLIN,AVE,,,,,,2,105,109,100,110,2,Mississippi Gulf Base Mapping,5,E4,9/18/09,1,3,Harrison,2007 Coast,281.2748571,6.5665185,5.297272682,7.329999924,1.182328939,0.056816854,3.939136267,Dauphin Island,1.785,123,5.15,238,3.22,179,28.1,127,21.04,147,Brooklyn,680.78,4.7815185,3.512272682,5.544999924,-89.232772,30.32026461,115.0284159,0
19545,No Damage,E 2ND ST,E,,2ND,ST,,,,,,2,533,553,532,554,2,Mississippi Gulf Base Mapping,5,E4,9/18/09,1,3,Harrison,2007 Coast,199.8500987,5.986640062,5.664999962,6.275000095,1.144376137,0.043573003,3.800698996,Dauphin Island,1.785,123,5.15,238,3.22,179,28.1,127,21.04,147,Brooklyn,694.78,4.201640062,3.879999962,4.490000095,-89.2348428,30.32087964,385.1676164,0
9442,No Damage,E 2ND ST,E,,2ND,ST,,,,,,2,501,531,500,530,2,Mississippi Gulf Base Mapping,5,E4,9/18/09,1,3,Harrison,2007 Coast,219.7078397,5.476928597,4.715000153,6,1.097512589,0.116140217,3.261934042,Dauphin Island,1.785,123,5.15,238,3.22,179,28.1,127,21.04,147,Brooklyn,517.78,3.691928597,2.930000153,4.215,-89.2366994,30.32013399,359.9991592,0
17467,Damage,E BEACH BLVD,E,,BEACH,BLVD,,90,HWY,,,7,0,0,0,0,7,Mississippi Gulf Base Mapping,5,E4,9/18/09,1,3,Harrison,2007 Coast,867.0671092,3.365617047,2.922499895,4.130000114,2.292301224,0.014423372,9.880964279,Dauphin Island,1.785,123,5.15,238,3.22,179,28.1,127,21.04,147,Brooklyn,657.78,1.580617047,1.137499895,2.345000114,-89.2327326,30.31870333,80.99577151,0
14325,No Damage,,,,,,,,,,,0,0,0,0,0,0,Mississippi Gulf Base Mapping,5,E4,9/18/09,1,3,Harrison,2007 Coast,125.2821142,6.419847631,5.518000126,6.800000191,1.024810074,0.098160997,2.728961706,Dauphin Island,1.785,123,5.15,238,3.22,179,28.1,127,21.04,147,Brooklyn,600.78,4.634847631,3.733000126,5.015000191,-89.2301997,30.3206163,116.5890839,0
17726,No Damage,COURTENAY AVE,,,COURTENAY,AVE,,,,,,2,103,199,104,198,2,Mississippi Gulf Base Mapping,5,E4,9/18/09,1,3,Harrison,2007 Coast,299.890447,6.390012077,5.406000137,7.079999924,1.38854151,0.147338346,4.089183807,Dauphin Island,1.785,123,5.15,238,3.22,179,28.1,127,21.04,147,Brooklyn,662.78,4.605012077,3.621000137,5.294999924,-89.2284798,30.32184693,111.4345289,0
15037,No Damage,E 2ND ST,E,,2ND,ST,,,,,,2,601,699,600,698,2,Mississippi Gulf Base Mapping,5,E4,9/18/09,1,3,Harrison,2007 Coast,477.2694964,6.212751798,5.447500229,6.597499847,1.194317033,0.056462806,4.625288486,Dauphin Island,1.785,123,5.15,238,3.22,179,28.1,127,21.04,147,Brooklyn,618.78,4.427751798,3.662500229,4.812499847,-89.2308847,30.32245812,382.7813571,0
17155,No Damage,E 2ND ST,E,,2ND,ST,,,,,,2,701,727,700,728,2,Mississippi Gulf Base Mapping,5,E4,9/18/09,1,3,Harrison,2007 Coast,260.6574072,5.876278915,5.050000191,6.769999981,0.941295918,0.099859051,2.512724638,Dauphin Island,1.785,123,5.15,238,3.22,179,28.1,127,21.04,147,Brooklyn,651.78,4.091278915,3.265000191,4.984999981,-89.2272569,30.32368717,366.4188881,0
13686,No Damage,E BEACH BLVD,E,,BEACH,BLVD,,90,HWY,,,7,0,0,0,0,7,Mississippi Gulf Base Mapping,5,E4,9/18/09,1,3,Harrison,2007 Coast,556.3256103,3.071228235,2,3.552000046,2.601971401,0.110330813,7.531510353,Dauphin Island,1.785,123,5.15,238,3.22,179,28.1,127,21.04,147,Brooklyn,588.78,1.286228235,0.215,1.767000046,-89.2258721,30.32122055,68.01158983,0
14706,Damage,E BEACH BLVD,E,,BEACH,BLVD,,90,HWY,,,7,0,0,0,0,7,Mississippi Gulf Base Mapping,5,E4,9/18/09,1,3,Harrison,2007 Coast,535.792223,3.240129608,2.875,3.838000059,1.802259199,0.051168639,7.20328474,Dauphin Island,1.785,123,5.15,238,3.22,179,28.1,127,21.04,147,Brooklyn,609.78,1.455129608,1.09,2.053000059,-89.2206329,30.32333715,75.44226938,0
10498,No Damage,E SCENIC DR,E,,SCENIC,DR,,,,,,2,801,899,800,898,2,Mississippi Gulf Base Mapping,5,E4,9/18/09,1,3,Harrison,2007 Coast,548.2911468,6.68453522,5.539999962,7.409999847,2.357348737,0.288840443,8.279649734,Dauphin Island,1.785,123,5.15,238,3.22,179,28.1,127,21.04,147,Brooklyn,534.78,4.89953522,3.754999962,5.624999847,-89.2204694,30.3237189,102.6028735,0
6846,No Damage,LANG AVE,,,LANG,AVE,,,,,,2,103,199,102,198,2,Mississippi Gulf Base Mapping,5,E4,9/18/09,1,3,Harrison,2007 Coast,258.4290987,6.870058525,6.46999979,7.110000134,0.903622267,0.033944968,4.047884941,Dauphin Island,1.785,123,5.15,238,3.22,179,28.1,127,21.04,147,Brooklyn,477.78,5.085058525,4.68499979,5.325000134,-89.2231789,30.32401917,116.2073575,0
15222,No Damage,E 2ND ST,E,,2ND,ST,,,,,,2,729,799,730,798,2,Mississippi Gulf Base Mapping,5,E4,9/18/09,1,3,Harrison,2007 Coast,289.1264592,6.646235686,6.087500095,7.110000134,0.876350789,0.054544583,4.089540482,Dauphin Island,1.785,123,5.15,238,3.22,179,28.1,127,21.04,147,Brooklyn,622.78,4.861235686,4.302500095,5.325000134,-89.22451,30.32461455,348.2118792,0
11272,No Damage,E 2ND ST,E,,2ND,ST,,,,,,2,801,899,800,898,2,Mississippi Gulf Base Mapping,5,E4,9/18/09,1,3,Harrison,2007 Coast,570.5210991,6.6415868,6.320000172,7.046666622,1.29332832,0.196181715,3.076007605,Dauphin Island,1.785,123,5.15,238,3.22,179,28.1,127,21.04,147,Brooklyn,544.78,4.8565868,4.535000172,5.261666622,-89.2230314,30.32541585,365.6143834,0
16554,No Damage,E BEACH BLVD,E,,BEACH,BLVD,,90,HWY,,,2,959,965,0,0,2,Mississippi Gulf Base Mapping,5,E4,9/18/09,1,3,Harrison,2007 Coast,645.7364842,3.260545739,2.917500019,4.166666508,1.615194789,0.040697936,10.28282356,Dauphin Island,1.785,123,5.15,238,3.22,179,28.1,127,21.04,147,Brooklyn,637.78,1.475545739,1.132500019,2.381666508,-89.2148976,30.32525374,81.34000483,0
9937,Damage,W BEACH BLVD,W,,BEACH,BLVD,,90,HWY,,,3,0,0,0,0,2,Mississippi Gulf Base Mapping,5,E4,9/18/09,1,3,Harrison,2007 Coast,164.7070616,1.911003814,1.730000019,2.157500029,0.662244327,0.026857369,1.74788177,Dauphin Island,1.785,123,5.15,238,3.22,179,28.1,127,21.04,147,Brooklyn,525.78,0.126003814,-0.054999981,0.372500029,-89.1802834,30.33352382,56.88572319,36
18210,No Damage,E BEACH BLVD,E,,BEACH,BLVD,,90,HWY,,,2,973,1099,0,0,2,Mississippi Gulf Base Mapping,5,E4,9/18/09,1,3,Harrison,2007 Coast,371.3265116,4.492460361,3.723333359,5.247499943,2.004101719,0.052901424,5.56675148,Dauphin Island,1.785,123,5.15,238,3.22,179,28.1,127,21.04,147,Brooklyn,671.78,2.707460361,1.938333359,3.462499943,-89.2094251,30.32714457,87.11640533,0
18030,No Damage,E BEACH BLVD,E,,BEACH,BLVD,,90,HWY,,,2,1201,1299,0,0,2,Mississippi Gulf Base Mapping,5,E4,9/18/09,1,3,Harrison,2007 Coast,211.1236799,3.209915954,2.769999981,3.809999943,1.822613076,0.191195279,5.241107464,Dauphin Island,1.785,123,5.15,238,3.22,179,28.1,127,21.04,147,Brooklyn,668.78,1.424915954,0.984999981,2.024999943,-89.2051875,30.32795339,91.0760566,0
10859,No Damage,SHADOW LAWN AVE,,,SHADOW LAWN,AVE,,,,,,2,101,115,100,114,2,Mississippi Gulf Base Mapping,5,E4,9/18/09,1,3,Harrison,2007 Coast,267.4197735,3.733327186,2.214999914,5.361818314,1.171518599,0.126020789,2.711604834,Dauphin Island,1.785,123,5.15,238,3.22,179,28.1,127,21.04,147,Brooklyn,539.78,1.948327186,0.429999914,3.576818314,-89.1993476,30.33018042,80.77872052,0
18850,No Damage,E BEACH BLVD,E,,BEACH,BLVD,,90,HWY,,,2,1501,1549,0,0,2,Mississippi Gulf Base Mapping,5,E4,9/18/09,1,3,Harrison,2007 Coast,399.5185097,2.149836401,1.92750001,2.329999924,0.683005608,0.036911681,3.969706059,Dauphin Island,1.785,123,5.15,238,3.22,179,28.1,127,21.04,147,Brooklyn,681.78,0.364836401,0.14250001,0.544999924,-89.1926715,30.33079276,83.12162007,0
15600,No Damage,OAK ALY LN,,,OAK ALY,LN,,,,,,2,0,0,0,0,2,Mississippi Gulf Base Mapping,5,E4,9/18/09,1,3,Harrison,2007 Coast,681.3144666,2.640865096,1.773000002,4.25,1.460016332,0.106509157,4.058614731,Dauphin Island,1.785,123,5.15,238,3.22,179,28.1,127,21.04,147,Brooklyn,625.78,0.855865096,-0.011999998,2.465,-89.185407,30.33360173,85.75845884,6
9867,Damage,W BEACH BLVD,W,,BEACH,BLVD,,90,HWY,,,3,0,0,0,0,2,Mississippi Gulf Base Mapping,5,E4,9/18/09,1,3,Harrison,2007 Coast,280.8657406,3.069369339,2.839999914,3.333333254,1.402730942,0.025699215,5.458758831,Dauphin Island,1.785,123,5.15,238,3.22,179,28.1,127,21.04,147,Brooklyn,524.78,1.284369339,1.054999914,1.548333254,-89.1564059,30.34271435,83.28583437,0
6504,No Damage,W BEACH BLVD,W,,BEACH,BLVD,,90,HWY,,,3,0,0,0,0,2,Mississippi Gulf Base Mapping,5,E4,9/18/09,1,3,Harrison,2007 Coast,290.9339924,2.060652164,1.803333282,2.339999914,0.863959403,0.052825406,2.97875905,Dauphin Island,1.785,123,5.15,238,3.22,179,28.1,127,21.04,147,Brooklyn,473.78,0.275652164,0.018333282,0.554999914,-89.1757813,30.33557866,70.780846,0
13142,No Damage,W BEACH BLVD,W,,BEACH,BLVD,,90,HWY,,,3,0,0,700,798,2,Mississippi Gulf Base Mapping,5,E4,9/18/09,1,3,Harrison,2007 Coast,191.9043932,2.104525446,1.873333335,2.359999895,1.210246723,0.02984152,6.83305645,Dauphin Island,1.785,123,5.15,238,3.22,179,28.1,127,21.04,147,Brooklyn,579.78,0.319525446,0.088333335,0.574999895,-89.1713936,30.33725175,80.73371155,0
18493,No Damage,W BEACH BLVD,W,,BEACH,BLVD,,90,HWY,,,3,0,0,572,590,2,Mississippi Gulf Base Mapping,5,E4,9/18/09,1,3,Harrison,2007 Coast,88.20459036,2.991335589,2.819999933,3.186000109,1.084997893,0.311989576,3.111801147,Dauphin Island,1.785,123,5.15,238,3.22,179,28.1,127,21.04,147,Brooklyn,674.78,1.206335589,1.034999933,1.401000109,-89.1651578,30.33976252,102.8285739,0
11611,No Damage,W BEACH BLVD,W,,BEACH,BLVD,,90,HWY,,,3,0,0,432,436,2,Mississippi Gulf Base Mapping,5,E4,9/18/09,1,3,Harrison,2007 Coast,81.84470831,3.819449442,3.522500038,4.050000191,1.162374194,0.082622506,3.511095524,Dauphin Island,1.785,123,5.15,238,3.22,179,28.1,127,21.04,147,Brooklyn,547.78,2.034449442,1.737500038,2.265000191,-89.1573104,30.34265296,110.8416664,0
14078,No Damage,MASON AVE,,,MASON,AVE,,,,,,2,499,499,500,500,2,Mississippi Gulf Base Mapping,5,E4,9/18/09,1,3,Harrison,2007 Coast,110.9180134,4.587147702,3.859999895,5.070000172,1.25177343,0.052202579,5.26546669,Dauphin Island,1.785,123,5.15,238,3.22,179,28.1,127,21.04,147,Brooklyn,595.78,2.802147702,2.074999895,3.285000172,-89.1507726,30.34561505,185.3788022,0
14153,Damage,W BEACH BLVD,W,,BEACH,BLVD,,90,HWY,,,3,0,0,0,0,2,Mississippi Gulf Base Mapping,5,E4,9/18/09,1,3,Harrison,2007 Coast,630.2915802,2.953512721,2.473333359,3.450000048,2.287887922,0.056353424,11.1847887,Dauphin Island,1.785,123,5.15,238,3.22,179,28.1,127,21.04,147,Brooklyn,710.78,1.168512721,0.688333359,1.665000048,-89.1371767,30.34977187,76.21892842,0
12958,No Damage,E BEACH BLVD,E,,BEACH,BLVD,,90,HWY,,,3,100,298,0,0,2,Mississippi Gulf Base Mapping,5,E4,9/18/09,1,3,Harrison,2007 Coast,517.2525626,2.192045398,1.617499948,2.568571329,0.968634,0.028152319,3.64590168,Dauphin Island,1.785,123,5.15,238,3.22,179,28.1,127,21.04,147,Brooklyn,577.78,0.407045398,-0.167500052,0.783571329,-89.1455747,30.34580963,86.06755951,114
8381,No Damage,E BEACH BLVD,E,,BEACH,BLVD,,90,HWY,,,3,600,698,0,0,2,Mississippi Gulf Base Mapping,5,E4,9/18/09,1,3,Harrison,2007 Coast,438.0992851,4.110033559,3,5.340000153,2.397615679,0.061338119,12.42401981,Dauphin Island,1.785,123,5.15,238,3.22,179,28.1,127,21.04,147,Brooklyn,708.78,2.325033559,1.215,3.555000153,-89.138161,30.3493915,90.86288752,0
9539,No Damage,,,,,,,,,,,0,0,0,0,0,0,Mississippi Gulf Base Mapping,5,E4,9/18/09,1,3,Harrison,2007 Coast,91.45668716,4.6894408,3.940000057,5.230000019,1.351983932,0.068473384,3.989073753,Dauphin Island,1.785,123,5.15,238,3.22,179,28.1,127,21.04,147,Brooklyn,806.78,2.9044408,2.155000057,3.445000019,-89.1364553,30.35090697,102.7035194,0
6057,No Damage,E BEACH BLVD,E,,BEACH,BLVD,,90,HWY,,,3,830,838,0,0,2,Mississippi Gulf Base Mapping,5,E4,9/18/09,1,3,Harrison,2007 Coast,109.5578847,4.626284095,4.394545555,4.782000065,1.041625259,0.052921906,3.180851221,Dauphin Island,1.785,123,5.15,238,3.22,179,28.1,127,21.04,147,Brooklyn,749.78,2.841284095,2.609545555,2.997000065,-89.1316997,30.3525081,109.3589696,0
7830,No Damage,,,,,,,,,,,0,0,0,0,0,0,Mississippi Gulf Base Mapping,5,E4,9/18/09,1,3,Harrison,2007 Coast,68.06492292,4.074601901,3.837500095,4.295000076,1.482870405,0.068473384,2.994415522,Dauphin Island,1.785,123,5.15,238,3.22,179,28.1,127,21.04,147,Brooklyn,774.78,2.289601901,2.052500095,2.510000076,-89.1363466,30.35134789,189.9951787,0
8404,Damage,W BEACH BLVD,W,,BEACH,BLVD,,90,HWY,,,7,0,0,0,0,7,Mississippi Gulf Base Mapping,5,E4,9/18/09,1,3,Harrison,2007 Coast,146.6859268,1.850712497,1.692499995,2.112499952,0.951794771,0.095410801,2.414791107,Dauphin Island,1.785,123,5.15,238,3.22,179,28.1,127,21.04,147,Brooklyn,789.78,0.065712497,-0.092500005,0.327499952,-89.1126673,30.35800213,80.21550325,66
10827,No Damage,E BEACH BLVD,E,,BEACH,BLVD,,90,HWY,,,3,1000,1098,0,0,2,Mississippi Gulf Base Mapping,5,E4,9/18/09,1,3,Harrison,2007 Coast,99.89828281,4.173569151,4.026000023,4.489999771,1.167131319,0.071943954,2.836287737,Dauphin Island,1.785,123,5.15,238,3.22,179,28.1,127,21.04,147,Brooklyn,831.78,2.388569151,2.241000023,2.704999771,-89.1260902,30.35455759,99.9835713,0
8248,No Damage,W BEACH BLVD,W,,BEACH,BLVD,,90,HWY,,,7,0,0,4800,4820,7,Mississippi Gulf Base Mapping,5,E4,9/18/09,1,3,Harrison,2007 Coast,145.5749771,3.884281654,3.566666603,4.207499981,0.913858648,0.060754627,2.530781984,Dauphin Island,1.785,123,5.15,238,3.22,179,28.1,127,21.04,147,Brooklyn,786.78,2.099281654,1.781666603,2.422499981,-89.120129,30.35643236,125.860247,0
19944,No Damage,BROAD AVE,,,BROAD,AVE,,,,,,7,501,699,500,698,7,Mississippi Gulf Base Mapping,5,E4,9/18/09,1,3,Harrison,2007 Coast,283.1613532,3.38697695,1.850000024,4.53000021,1.130065605,0.172895595,5.13723278,Dauphin Island,1.785,123,5.15,238,3.22,179,28.1,127,21.04,147,Brooklyn,953.78,1.60197695,0.065000024,2.74500021,-89.1128152,30.35944438,94.76199399,0
20010,No Damage,W BEACH BLVD,W,,BEACH,BLVD,,90,HWY,,,7,0,0,3732,4010,7,Mississippi Gulf Base Mapping,5,E4,9/18/09,1,3,Harrison,2007 Coast,278.0568935,3.16911674,2.526000023,3.963999987,1.942634788,0.129144818,5.279830456,Dauphin Island,1.785,123,5.15,238,3.22,179,28.1,127,21.04,147,Brooklyn,957.78,1.38411674,0.741000023,2.178999987,-89.1083416,30.36000765,93.95221332,0
10345,No Damage,ALSTON AVE,,,ALSTON,AVE,,,,,,2,605,799,604,798,2,Mississippi Gulf Base Mapping,5,E4,9/18/09,1,3,Harrison,2007 Coast,333.4478362,4.058952399,1.762500048,5.695000172,1.874371822,0.034556907,5.021088123,Dauphin Island,1.785,123,5.15,238,3.22,179,28.1,127,21.04,147,Brooklyn,821.78,2.273952399,-0.022499952,3.910000172,-89.114896,30.35888768,173.0350992,18
7662,Damage,W BEACH BLVD,W,,BEACH,BLVD,,90,HWY,,,7,0,0,0,0,7,Mississippi Gulf Base Mapping,5,E4,9/18/09,1,3,Harrison,2007 Coast,152.2643688,2.834812684,2.657999992,3.099999905,1.367125086,0.024360202,3.947710514,Dauphin Island,1.785,123,5.15,238,3.22,179,28.1,127,21.04,147,Brooklyn,772.78,1.049812684,0.872999992,1.314999905,-89.1036464,30.3617581,118.5140928,0
17481,No Damage,W BEACH BLVD,W,,BEACH,BLVD,,90,HWY,,,7,0,0,0,0,7,Mississippi Gulf Base Mapping,5,E4,9/18/09,1,3,Harrison,2007 Coast,154.8421601,3.811122669,3.625,4.077499866,1.174207328,0.040829629,3.088710546,Dauphin Island,1.785,123,5.15,238,3.22,179,28.1,127,21.04,147,Brooklyn,919.78,2.026122669,1.84,2.292499866,-89.103763,30.36200989,144.2223019,0
19664,No Damage,36TH AVE,,,36TH,AVE,,,,,,7,801,899,800,898,7,Mississippi Gulf Base Mapping,0,E4,9/18/09,0,0,Harrison,2007 Coast,78.25779252,4.482632745,4.179999828,4.690000057,0.946321215,0.135902256,2.521847963,Dauphin Island,1.785,123,5.15,238,3.22,179,28.1,127,21.04,147,Brooklyn,951.78,2.697632745,2.394999828,2.905000057,-89.1047587,30.36242299,202.0966502,0
18041,No Damage,8TH ST,,,8TH,ST,,,,,,7,3601,3699,3600,3698,7,Mississippi Gulf Base Mapping,0,E4,9/18/09,0,0,Harrison,2007 Coast,112.5598409,4.128065576,3.575000048,4.75,1.554231825,0.152054265,5.447554111,Dauphin Island,1.785,123,5.15,238,3.22,179,28.1,127,21.04,147,Brooklyn,929.78,2.343065576,1.790000048,2.965,-89.1051122,30.36215424,201.8966736,0
10566,No Damage,W BEACH BLVD,W,,BEACH,BLVD,,90,HWY,,,7,0,0,3300,3300,7,Mississippi Gulf Base Mapping,5,E4,9/18/09,1,3,Harrison,2007 Coast,163.0480752,4.055644146,3.674000025,4.664999962,1.875138499,0.633969367,4.097761154,Dauphin Island,1.785,123,5.15,238,3.22,179,28.1,127,21.04,147,Brooklyn,825.78,2.270644146,1.889000025,2.879999962,-89.1021496,30.3627046,119.0506234,0
14065,No Damage,9TH ST,,,9TH,ST,,,,,,7,3601,3637,3600,3636,7,Mississippi Gulf Base Mapping,5,E4,9/18/09,1,3,Harrison,2007 Coast,114.4816333,4.118925828,3.74333334,4.606666565,1.444181742,0.202133328,5.472225666,Dauphin Island,1.785,123,5.15,238,3.22,179,28.1,127,21.04,147,Brooklyn,870.78,2.333925828,1.95833334,2.821666565,-89.1052489,30.36286174,275.5608354,0
7693,Damage,E BEACH BLVD,E,,BEACH,BLVD,,90,HWY,,,7,0,0,0,0,7,Mississippi Gulf Base Mapping,5,E4,9/18/09,1,3,Harrison,2007 Coast,315.3366399,2.73567042,1.940000057,3.247999907,2.044760272,0.090454854,6.020925522,Dauphin Island,1.785,123,5.15,238,3.22,179,28.1,127,21.04,147,Brooklyn,1125.78,0.95067042,0.155000057,1.462999907,-89.0761385,30.37092914,84.01918795,0
17861,No Damage,W BEACH BLVD,W,,BEACH,BLVD,,90,HWY,,,7,2921,2999,0,0,7,Mississippi Gulf Base Mapping,5,E4,9/18/09,1,3,Harrison,2007 Coast,175.756773,4.075857668,3.817142963,4.382500172,1.175532841,0.042559925,2.154504299,Dauphin Island,1.785,123,5.15,238,3.22,179,28.1,127,21.04,147,Brooklyn,924.78,2.290857668,2.032142963,2.597500172,-89.0968054,30.36434129,167.6297132,0
8529,No Damage,E BEACH BLVD,E,,BEACH,BLVD,,90,HWY,,,7,2301,2499,0,0,7,Mississippi Gulf Base Mapping,5,E4,9/18/09,1,3,Harrison,2007 Coast,251.5290024,3.32546862,2.801111221,4.146999836,1.673898629,0.159783259,3.436410189,Dauphin Island,1.785,123,5.15,238,3.22,179,28.1,127,21.04,147,Brooklyn,968.78,1.54046862,1.016111221,2.361999836,-89.0913416,30.36611753,193.2618811,0
7609,No Damage,E BEACH BLVD,E,,BEACH,BLVD,,90,HWY,,,7,0,0,0,0,7,Mississippi Gulf Base Mapping,5,E4,9/18/09,1,3,Harrison,2007 Coast,133.8578747,2.831121915,2.619999886,3.085000038,0.934257435,0.076110139,2.489690065,Dauphin Island,1.785,123,5.15,238,3.22,179,28.1,127,21.04,147,Brooklyn,995.78,1.046121915,0.834999886,1.300000038,-89.0866808,30.36764121,183.1765843,0
5889,No Damage,E BEACH BLVD,E,,BEACH,BLVD,,90,HWY,,,7,0,0,0,0,7,Mississippi Gulf Base Mapping,5,E4,9/18/09,1,3,Harrison,2007 Coast,159.6070086,2.999116953,2.618000031,3.589999914,2.713909113,0.101351,7.978843212,Dauphin Island,1.785,123,5.15,238,3.22,179,28.1,127,21.04,147,Brooklyn,985.78,1.214116953,0.833000031,1.804999914,-89.0809863,30.36942693,84.42096559,0
10995,No Damage,E BEACH BLVD,E,,BEACH,BLVD,,90,HWY,,,7,0,0,1200,1298,7,Mississippi Gulf Base Mapping,5,E4,9/18/09,1,3,Harrison,2007 Coast,233.244384,4.430645962,3.53399992,4.980000019,2.038695824,0.107734986,6.292155266,Dauphin Island,1.785,123,5.15,238,3.22,179,28.1,127,21.04,147,Brooklyn,1181.78,2.645645962,1.74899992,3.195000019,-89.0731008,30.37187507,88.22879043,0
13485,Damage,E BEACH BLVD,E,,BEACH,BLVD,,90,HWY,,,7,0,0,0,0,7,Mississippi Gulf Base Mapping,5,E4,9/18/09,1,3,Harrison,2007 Coast,843.7080643,2.395696618,1.629999995,2.950000048,1.666051013,0.029868407,9.923604965,Dauphin Island,1.785,123,5.15,238,3.22,179,28.1,127,21.04,147,Brooklyn,1209.78,0.610696618,-0.155000005,1.165000048,-89.0559151,30.37505157,60.25678969,108
17953,No Damage,E BEACH BLVD,E,,BEACH,BLVD,,90,HWY,,,7,0,0,650,734,7,Mississippi Gulf Base Mapping,5,E4,9/18/09,1,3,Harrison,2007 Coast,250.008201,3.392234449,2.983999968,3.80250001,1.37900549,0.117209502,4.632836819,Dauphin Island,1.785,123,5.15,238,3.22,179,28.1,127,21.04,147,Brooklyn,1261.78,1.607234449,1.198999968,2.01750001,-89.063787,30.37458628,90.11142031,0
12240,No Damage,E BEACH BLVD,E,,BEACH,BLVD,,90,HWY,,,7,0,0,600,648,7,Mississippi Gulf Base Mapping,5,E4,9/18/09,1,3,Harrison,2007 Coast,197.9984252,2.845447486,2.556666613,3.203999996,1.653888951,0.064557292,5.209757328,Dauphin Island,1.785,123,5.15,238,3.22,179,28.1,127,21.04,147,Brooklyn,1199.78,1.060447486,0.771666613,1.418999996,-89.0613793,30.37500634,93.71939145,0
10792,No Damage,ALFONSO DR,,,ALFONSO,DR,,,,,,7,1501,1533,1500,1598,7,Mississippi Gulf Base Mapping,5,E4,9/18/09,1,3,Harrison,2007 Coast,134.7976971,4.502680346,4.063333511,5.570000172,1.672359088,0.045524485,6.292374611,Dauphin Island,1.785,123,5.15,238,3.22,179,28.1,127,21.04,147,Brooklyn,1178.78,2.717680346,2.278333511,3.785000172,-89.0586641,30.37637663,177.1491114,0
13646,No Damage,2ND ST,,,2ND,ST,,,,,,7,511,551,506,544,7,Mississippi Gulf Base Mapping,5,E4,9/18/09,1,3,Harrison,2007 Coast,172.6233742,4.812891699,4.579999924,5.460000038,1.021075996,0.052178986,4.443116665,Dauphin Island,1.785,123,5.15,238,3.22,179,28.1,127,21.04,147,Brooklyn,1213.78,3.027891699,2.794999924,3.675000038,-89.0594632,30.3768731,266.8070896,0
8136,No Damage,2ND ST,,,2ND,ST,,,,,,7,601,645,600,640,7,Mississippi Gulf Base Mapping,5,E4,9/18/09,1,3,Harrison,2007 Coast,204.0423608,4.860935054,4.599999905,5.190000057,1.131403939,0.061777815,3.895119429,Dauphin Island,1.785,123,5.15,238,3.22,179,28.1,127,21.04,147,Brooklyn,1129.78,3.075935054,2.814999905,3.405000057,-89.0615781,30.37632391,236.2968128,0
11349,Damage,E BEACH BLVD,E,,BEACH,BLVD,,90,HWY,,,7,0,0,200,308,7,Mississippi Gulf Base Mapping,5,E4,9/18/09,1,3,Harrison,2007 Coast,380.1983787,2.513104187,2.170000076,3.049999952,1.499425921,0.117819026,5.149044037,Dauphin Island,1.785,123,5.15,238,3.22,179,28.1,127,21.04,147,Brooklyn,1187.78,0.728104187,0.385000076,1.264999952,-89.0537598,30.37585381,76.08458675,0
9111,No Damage,E BEACH BLVD,E,,BEACH,BLVD,,90,HWY,,,7,0,0,164,198,7,Mississippi Gulf Base Mapping,5,E4,9/18/09,1,3,Harrison,2007 Coast,412.8658209,2.996052134,2.593333244,3.545000076,1.608666167,0.053263236,7.103896618,Dauphin Island,1.785,123,5.15,238,3.22,179,28.1,127,21.04,147,Brooklyn,1146.78,1.211052134,0.808333244,1.760000076,-89.0499909,30.37723652,93.3264143,0
10671,No Damage,OAK AVE,,,OAK,AVE,,,,,,7,1601,1613,1600,1610,7,Mississippi Gulf Base Mapping,5,E4,9/18/09,1,3,Harrison,2007 Coast,203.2632277,3.303152594,2.220000029,3.910000086,1.480636537,0.222381935,4.655083179,Dauphin Island,1.785,123,5.15,238,3.22,179,28.1,127,21.04,147,Brooklyn,1174.78,1.518152594,0.435000029,2.125000086,-89.0556075,30.37611425,76.08458675,0
11115,No Damage,BOUSLOG ST,,,BOUSLOG,ST,,,,,,7,301,399,300,398,7,Mississippi Gulf Base Mapping,5,E4,9/18/09,1,3,Harrison,2007 Coast,115.8739778,3.80095536,3.24000001,4.45666647,2.111567285,0.31608814,5.529289246,Dauphin Island,1.785,123,5.15,238,3.22,179,28.1,127,21.04,147,Brooklyn,1182.78,2.01595536,1.45500001,2.67166647,-89.0561946,30.37692576,262.7613399,0
16479,No Damage,OAK AVE,,,OAK,AVE,,,,,,7,1621,1639,1620,1626,7,Mississippi Gulf Base Mapping,5,E4,9/18/09,1,3,Harrison,2007 Coast,90.99583214,2.674181115,2.147500038,3.434999943,1.7134846,0.043866094,4.267753124,Dauphin Island,1.785,123,5.15,238,3.22,179,28.1,127,21.04,147,Brooklyn,1243.78,0.889181115,0.362500038,1.649999943,-89.0555912,30.37741483,276.3589768,0
8085,No Damage,,,,,,,,,,,0,0,0,0,0,0,Mississippi Gulf Base Mapping,5,E4,9/18/09,1,3,Harrison,2007 Coast,318.8970292,2.169146134,-0.02,3.585000038,2.674497336,0.045110803,16.45940018,Dauphin Island,1.785,123,5.15,238,3.22,179,28.1,127,21.04,147,Brooklyn,1128.78,0.384146134,-1.805,1.800000038,-89.0548385,30.37751075,149.8273226,4320
16394,Damage,BEACH DR,,,BEACH,DR,,90,HWY,,,7,0,0,0,0,7,Mississippi Gulf Base Mapping,5,E4,9/18/09,1,3,Harrison,2007 Coast,205.5174549,1.762342198,1.567499995,1.918333292,0.63179524,0.042145755,1.854849339,Dauphin Island,1.785,123,5.15,238,3.22,179,28.1,127,21.04,147,Brooklyn,1394.78,-0.022657802,-0.217500005,0.133333292,-89.0290287,30.38148436,75.57951933,132
18091,No Damage,BEACH DR,,,BEACH,DR,,90,HWY,,,7,512,560,0,0,7,Mississippi Gulf Base Mapping,5,E4,9/18/09,1,3,Harrison,2007 Coast,240.2752645,2.775740216,2.539999962,3.200000048,1.793164603,0.10384082,8.051819801,Dauphin Island,1.785,123,5.15,238,3.22,179,28.1,127,21.04,147,Brooklyn,1264.78,0.990740216,0.754999962,1.415000048,-89.0414063,30.37928419,99.05729234,0
12610,No Damage,BEACH DR,,,BEACH,DR,,90,HWY,,,7,920,920,0,0,7,Mississippi Gulf Base Mapping,5,E4,9/18/09,1,3,Harrison,2007 Coast,122.8643619,2.404735847,1.988000035,2.75,1.865276659,0.086102635,6.816431999,Dauphin Island,1.785,123,5.15,238,3.22,179,28.1,127,21.04,147,Brooklyn,1350.78,0.619735847,0.203000035,0.965,-89.0331986,30.38042213,80.72006547,0
13632,No Damage,BEACH DR,,,BEACH,DR,,90,HWY,,,7,1400,1528,0,0,7,Mississippi Gulf Base Mapping,5,E4,9/18/09,1,3,Harrison,2007 Coast,494.9941321,2.985402468,2.011428595,3.980000019,1.892939105,0.07472226,5.869569778,Dauphin Island,1.785,123,5.15,238,3.22,179,28.1,127,21.04,147,Brooklyn,1364.78,1.200402468,0.226428595,2.195000019,-89.0243412,30.38293068,91.39914687,0
12112,No Damage,LAUREL DR,,,LAUREL,DR,,,,,,7,123,137,100,150,7,Mississippi Gulf Base Mapping,0,E4,9/18/09,0,0,Harrison,2007 Coast,202.9395323,2.977165938,1.727499962,4.605714321,0.994654574,0.076937139,2.103762627,Dauphin Island,1.785,123,5.15,238,3.22,179,28.1,127,21.04,147,Brooklyn,1345.78,1.192165938,-0.057500038,2.820714321,-89.0280168,30.38280628,91.69840805,42
19779,No Damage,OCEAN VIEW DR,,,OCEAN VIEW,DR,,,,,,7,1123,1227,1114,1204,7,Mississippi Gulf Base Mapping,0,E4,9/18/09,0,0,Harrison,2007 Coast,158.6757246,5.308389247,4.393333435,5.925555706,1.242405743,0.222199664,3.27513814,Dauphin Island,1.785,123,5.15,238,3.22,179,28.1,127,21.04,147,Brooklyn,1423.78,3.523389247,2.608333435,4.140555706,-89.028903,30.38375509,285.7731787,0
13484,Damage,BEACH DR,,,BEACH,DR,,90,HWY,,,7,0,0,0,0,7,Mississippi Gulf Base Mapping,5,E4,9/18/09,1,3,Harrison,2007 Coast,1772.899814,2.861324153,2.265000105,3.476000071,1.963191236,0.082664661,6.976358414,Dauphin Island,1.785,123,5.15,238,3.22,179,28.1,127,21.04,147,Brooklyn,1361.78,1.076324153,0.480000105,1.691000071,-89.0130746,30.38540957,70.31153412,0
10385,No Damage,BEACH DR,,,BEACH,DR,,90,HWY,,,2,1858,1918,0,0,8,Mississippi Gulf Base Mapping,5,E4,9/18/09,1,3,Harrison,2007 Coast,711.5719104,4.563836294,3.335000038,5.283333302,4.241155756,0.060030084,11.679245,Dauphin Island,1.785,123,5.15,238,3.22,179,28.1,127,21.04,147,Brooklyn,1328.78,2.778836294,1.550000038,3.498333302,-89.0148659,30.3852055,92.5917163,0
8528,No Damage,ALLAN DR,,,ALLAN,DR,,,,,,7,153,179,124,180,7,Mississippi Gulf Base Mapping,5,E4,9/18/09,1,3,Harrison,2007 Coast,386.3781261,4.850298413,4.021999836,5.618750095,1.807447582,0.076877818,7.354005814,Dauphin Island,1.785,123,5.15,238,3.22,179,28.1,127,21.04,147,Brooklyn,1312.78,3.065298413,2.236999836,3.833750095,-89.0203075,30.38561671,101.23293,0
15068,No Damage,ANNISTON AVE,,,ANNISTON,AVE,,,,,,7,101,199,100,198,7,Mississippi Gulf Base Mapping,5,E4,9/18/09,1,3,Harrison,2007 Coast,235.7776696,5.250143573,3.996000051,5.679999828,1.035937413,0.097046003,9.40328598,Dauphin Island,1.785,123,5.15,238,3.22,179,28.1,127,21.04,147,Brooklyn,1382.78,3.465143573,2.211000051,3.894999828,-89.0186131,30.38533583,98.34725902,0
13573,No Damage,ANNISTON AVE,,,ANNISTON,AVE,,,,,,7,201,299,200,298,7,Mississippi Gulf Base Mapping,5,E4,9/18/09,1,3,Harrison,2007 Coast,117.5491759,5.114504601,4.150000095,5.619999886,2.147662213,0.069859639,8.841173172,Dauphin Island,1.785,123,5.15,238,3.22,179,28.1,127,21.04,147,Brooklyn,1363.78,3.329504601,2.365000095,3.834999886,-89.0185971,30.38688684,326.974716,0
12743,No Damage,,,,,,,,,,,0,0,0,0,0,0,Mississippi Gulf Base Mapping,5,E4,9/18/09,1,3,Harrison,2007 Coast,147.2032522,5.551365465,5.292500019,5.674285889,0.662775426,0.034044966,1.599965692,Dauphin Island,1.785,123,5.15,238,3.22,179,28.1,127,21.04,147,Brooklyn,1352.78,3.766365465,3.507500019,3.889285889,-89.0174524,30.38532886,147.9891634,0
8066,Damage,E BEACH BLVD,E,,BEACH,BLVD,,90,HWY,,,2,0,0,0,0,2,Mississippi Gulf Base Mapping,5,E4,9/18/09,1,3,Harrison,2007 Coast,145.9842043,2.87142354,2.545000076,3.275000095,2.293927942,0.025102744,7.331139088,Dauphin Island,1.785,123,5.15,238,3.22,179,28.1,127,21.04,147,Brooklyn,1480.78,1.08642354,0.760000076,1.490000095,-88.9948595,30.38837836,74.0858838,0
8759,No Damage,BEACH DR,,,BEACH,DR,,90,HWY,,,7,2082,2082,0,0,7,Mississippi Gulf Base Mapping,5,E4,9/18/09,1,3,Harrison,2007 Coast,78.04305873,4.087648185,3.534285784,4.460000038,3.140434631,0.340452969,7.061127663,Dauphin Island,1.785,123,5.15,238,3.22,179,28.1,127,21.04,147,Brooklyn,1317.78,2.302648185,1.749285784,2.675000038,-89.005743,30.38725762,94.10110781,0
11999,No Damage,GATEWAY DR,,,GATEWAY,DR,,,,,,2,0,0,100,148,2,Mississippi Gulf Base Mapping,5,E4,9/18/09,1,3,Harrison,2007 Coast,338.5467129,5.711240753,3.612499952,6.452499866,1.209596446,0.067234874,5.319727898,Dauphin Island,1.785,123,5.15,238,3.22,179,28.1,127,21.04,147,Brooklyn,1521.78,3.926240753,1.827499952,4.667499866,-88.9972091,30.39002176,105.852292,0
10638,No Damage,,,,,,,,,,,0,0,0,0,0,0,Mississippi Gulf Base Mapping,5,E4,9/18/09,1,3,Harrison,2007 Coast,333.584529,5.505842175,3.757499933,6.693333149,1.724357121,0.123538136,5.034607887,Dauphin Island,1.785,123,5.15,238,3.22,179,28.1,127,21.04,147,Brooklyn,1507.78,3.720842175,1.972499933,4.908333149,-88.9960742,30.38986366,100.574062,0
16435,No Damage,EISENHOWER DR,,,EISENHOWER,DR,,,,,,2,0,0,0,0,2,Mississippi Gulf Base Mapping,5,E4,9/18/09,1,3,Harrison,2007 Coast,703.0886982,5.525071169,4.823999882,6.594285488,0.978908136,0.053716008,2.944888592,Dauphin Island,1.785,123,5.15,238,3.22,179,28.1,127,21.04,147,Brooklyn,1576.78,3.740071169,3.038999882,4.809285488,-88.9926658,30.39011683,102.5520132,0
8354,No Damage,,,,,,,,,,,0,0,0,0,0,0,Mississippi Gulf Base Mapping,5,E4,9/18/09,1,3,Harrison,2007 Coast,36.25506349,5.518436895,5.355000019,5.920000076,1.317489756,0.288389623,3.35845685,Dauphin Island,1.785,123,5.15,238,3.22,179,28.1,127,21.04,147,Brooklyn,1485.78,3.733436895,3.570000019,4.135000076,-88.9923851,30.39052311,259.1743248,0
10080,Damage,E BEACH BLVD,E,,BEACH,BLVD,,90,HWY,,,2,0,0,0,0,2,Mississippi Gulf Base Mapping,5,E4,9/18/09,1,3,Harrison,2007 Coast,176.925991,2.880378061,2.630000114,3.434285641,2.227583941,0.045429002,10.09033298,Dauphin Island,1.785,123,5.15,238,3.22,179,28.1,127,21.04,147,Brooklyn,1498.78,1.095378061,0.845000114,1.649285641,-88.9932519,30.38864894,77.08849931,0
8042,No Damage,,,,,,,,,,,0,0,0,0,0,0,Mississippi Gulf Base Mapping,5,E4,9/18/09,1,3,Harrison,2007 Coast,147.4270452,5.56975241,4.695000172,6.357999802,1.246721068,0.108501181,2.805072546,Dauphin Island,1.785,123,5.15,238,3.22,179,28.1,127,21.04,147,Brooklyn,1479.78,3.78475241,2.910000172,4.572999802,-88.9916235,30.38989998,110.1999539,0
19549,No Damage,,,,,,,,,,,0,0,0,0,0,0,Mississippi Gulf Base Mapping,5,E4,9/18/09,1,3,Harrison,2007 Coast,36.97163378,6.02855241,5.493999958,6.504000187,1.632810989,0.388950944,3.76791358,Dauphin Island,1.785,123,5.15,238,3.22,179,28.1,127,21.04,147,Brooklyn,1604.78,4.24355241,3.708999958,4.719000187,-88.9920236,30.39054225,256.4743527,0
10090,No Damage,,,,,,,,,,,0,0,0,0,0,0,Mississippi Gulf Base Mapping,5,E4,9/18/09,1,3,Harrison,2007 Coast,36.98963064,6.024838121,5.576000214,6.340000153,1.187815478,0.140164092,2.916770697,Dauphin Island,1.785,123,5.15,238,3.22,179,28.1,127,21.04,147,Brooklyn,1500.78,4.239838121,3.791000214,4.555000153,-88.9920387,30.39066453,266.3778734,0
8200,No Damage,,,,,,,,,,,0,0,0,0,0,0,Mississippi Gulf Base Mapping,5,E4,9/18/09,1,3,Harrison,2007 Coast,69.61651123,6.201027807,6.017499924,6.545000076,0.846306839,0.138548821,2.176911354,Dauphin Island,1.785,123,5.15,238,3.22,179,28.1,127,21.04,147,Brooklyn,1482.78,4.416027807,4.232499924,4.760000076,-88.9915299,30.39065641,253.5278941,0
11009,No Damage,,,,,,,,,,,0,0,0,0,0,0,Mississippi Gulf Base Mapping,5,E4,9/18/09,1,3,Harrison,2007 Coast,237.8600559,6.511818169,6.375,6.840000153,1.193823902,0.063208416,7.801579475,Dauphin Island,1.785,123,5.15,238,3.22,179,28.1,127,21.04,147,Brooklyn,1512.78,4.726818169,4.59,5.055000153,-88.9911979,30.3913278,253.5278941,0
17773,Damage,E BEACH BLVD,E,,BEACH,BLVD,,90,HWY,,,2,0,0,0,0,2,Mississippi Gulf Base Mapping,5,E4,9/18/09,1,3,Harrison,2007 Coast,309.8436231,2.999754665,2.720000029,3.493999958,1.838927107,0.075239271,6.0368433,Dauphin Island,1.785,123,5.15,238,3.22,179,28.1,127,21.04,147,Brooklyn,1592.78,1.214754665,0.935000029,1.708999958,-88.9905895,30.38920171,81.33292392,0
6322,No Damage,,,,,,,,,,,0,0,0,0,0,0,Mississippi Gulf Base Mapping,5,E4,9/18/09,1,3,Harrison,2007 Coast,51.07815799,5.568590589,4.75,6.063333511,1.52537743,0.180195361,4.233615398,Dauphin Island,1.785,123,5.15,238,3.22,179,28.1,127,21.04,147,Brooklyn,1456.78,3.783590589,2.965,4.278333511,-88.989453,30.38993931,125.4800385,0
5983,No Damage,,,,,,,,,,,0,0,0,0,0,0,Mississippi Gulf Base Mapping,5,E4,9/18/09,1,3,Harrison,2007 Coast,131.3894373,6.368075918,6.016666889,6.733333111,1.818607623,0.303762883,3.938489914,Dauphin Island,1.785,123,5.15,238,3.22,179,28.1,127,21.04,147,Brooklyn,1454.78,4.583075918,4.231666889,4.948333111,-88.9904788,30.39038132,198.2051688,0
15100,No Damage,,,,,,,,,,,0,0,0,0,0,0,Mississippi Gulf Base Mapping,5,E4,9/18/09,1,3,Harrison,2007 Coast,185.6711294,6.394501634,6.159999847,6.90500021,1.561922984,0.118043095,5.097884655,Dauphin Island,1.785,123,5.15,238,3.22,179,28.1,127,21.04,147,Brooklyn,1561.78,4.609501634,4.374999847,5.12000021,-88.9890075,30.39069551,203.9034422,0
7167,No Damage,,,,,,,,,,,0,0,0,0,0,0,Mississippi Gulf Base Mapping,5,E4,9/18/09,1,3,Harrison,2007 Coast,124.9571221,5.544535646,5.337500095,6.010000229,0.893245175,0.05120641,2.816420555,Dauphin Island,1.785,123,5.15,238,3.22,179,28.1,127,21.04,147,Brooklyn,1468.78,3.759535646,3.552500095,4.225000229,-88.9886782,30.39021526,163.3902453,0
15171,No Damage,,,,,,,,,,,0,0,0,0,0,0,Mississippi Gulf Base Mapping,5,E4,9/18/09,1,3,Harrison,2007 Coast,144.9653625,6.34880736,6.139999866,6.691666603,1.03112554,0.142595306,3.431705236,Dauphin Island,1.785,123,5.15,238,3.22,179,28.1,127,21.04,147,Brooklyn,1562.78,4.56380736,4.354999866,4.906666603,-88.9884412,30.39216001,376.0952261,0
12534,Damage,E BEACH BLVD,E,,BEACH,BLVD,,90,HWY,,,2,0,0,0,0,2,Mississippi Gulf Base Mapping,0,E4,9/18/09,0,0,Harrison,2007 Coast,301.0327361,3.055339132,2.846666574,3.383333445,1.835428012,0.025894763,5.241775513,Dauphin Island,1.785,123,5.15,238,3.22,179,28.1,127,21.04,147,Brooklyn,1530.78,1.270339132,1.061666574,1.598333445,-88.9875367,30.38951536,75.2833062,0
9659,No Damage,EDGEWATER DR,,,EDGEWATER,DR,,,,,,2,101,119,100,118,2,Mississippi Gulf Base Mapping,5,E4,9/18/09,1,3,Harrison,2007 Coast,129.163257,4.87163935,3.833333254,5.45666647,1.525104007,0.131378233,3.847967625,Dauphin Island,1.785,123,5.15,238,3.22,179,28.1,127,21.04,147,Brooklyn,1492.78,3.08663935,2.048333254,3.67166647,-88.9860924,30.39040457,94.0713934,0
14321,No Damage,MARSHALL RD,,,MARSHALL,RD,,,,,,2,2549,2561,2548,2560,2,Mississippi Gulf Base Mapping,5,E4,9/18/09,1,3,Harrison,2007 Coast,115.6904588,5.224025872,4.984000206,5.496666431,1.17737749,0.118774228,2.753712416,Dauphin Island,1.785,123,5.15,238,3.22,179,28.1,127,21.04,147,Brooklyn,1553.78,3.439025872,3.199000206,3.711666431,-88.9868799,30.39089409,219.7247511,0
12458,No Damage,KENMORE AVE,,,KENMORE,AVE,,,,,,2,121,133,120,132,2,Mississippi Gulf Base Mapping,5,E4,9/18/09,1,3,Harrison,2007 Coast,93.8451317,5.500850402,5.274000168,5.855999947,1.151379724,0.063478015,3.709872007,Dauphin Island,1.785,123,5.15,238,3.22,179,28.1,127,21.04,147,Brooklyn,1529.78,3.715850402,3.489000168,4.070999947,-88.9865208,30.39124841,222.908541,0
5640,No Damage,KENMORE AVE,,,KENMORE,AVE,,,,,,2,135,159,134,158,2,Mississippi Gulf Base Mapping,5,E4,9/18/09,1,3,Harrison,2007 Coast,202.5069226,5.883707788,5.584000111,6.300000191,1.575745888,0.170495927,4.928200245,Dauphin Island,1.785,123,5.15,238,3.22,179,28.1,127,21.04,147,Brooklyn,1451.78,4.098707788,3.799000111,4.515000191,-88.9873297,30.39192245,289.2908232,0
10135,No Damage,BARQ AVE,,,BARQ,AVE,,,,,,2,133,133,132,132,2,Mississippi Gulf Base Mapping,5,E4,9/18/09,1,3,Harrison,2007 Coast,66.67204642,5.633577464,5.474999905,5.847142696,1.292109694,0.076029643,3.720263958,Dauphin Island,1.785,123,5.15,238,3.22,179,28.1,127,21.04,147,Brooklyn,1501.78,3.848577464,3.689999905,4.062142696,-88.9865172,30.3915242,284.2215116,0
18631,Damage,E BEACH BLVD,E,,BEACH,BLVD,,90,HWY,,,2,0,0,0,0,2,Mississippi Gulf Base Mapping,0,E4,9/18/09,0,0,Harrison,2007 Coast,459.352691,3.01327207,2.609999895,3.563333273,2.181684219,0.097501472,5.732153416,Dauphin Island,1.785,123,5.15,238,3.22,179,28.1,127,21.04,147,Brooklyn,1598.78,1.22827207,0.824999895,1.778333273,-88.9835682,30.38982021,70.63008441,0
15696,No Damage,MARSHALL RD,,,MARSHALL,RD,,,,,,2,2521,2539,2520,2538,2,Mississippi Gulf Base Mapping,5,E4,9/18/09,1,3,Harrison,2007 Coast,109.1020774,5.363369953,5.119999886,6.090000153,1.695719847,0.216874823,6.034426689,Dauphin Island,1.785,123,5.15,238,3.22,179,28.1,127,21.04,147,Brooklyn,1566.78,3.578369953,3.334999886,4.305000153,-88.9851541,30.39099477,216.0164174,0
17705,No Damage,BALMORAL AVE,,,BALMORAL,AVE,,,,,,2,121,129,120,128,2,Mississippi Gulf Base Mapping,5,E4,9/18/09,1,3,Harrison,2007 Coast,92.32705974,5.568105233,5.132999897,5.896666527,1.309954809,0.068062425,3.875493288,Dauphin Island,1.785,123,5.15,238,3.22,179,28.1,127,21.04,147,Brooklyn,1589.78,3.783105233,3.347999897,4.111666527,-88.985627,30.39122521,226.1428682,0
15527,No Damage,BALMORAL AVE,,,BALMORAL,AVE,,,,,,2,131,179,130,178,2,Mississippi Gulf Base Mapping,5,E4,9/18/09,1,3,Harrison,2007 Coast,326.8721613,5.90026096,5.647999763,6.260000229,1.423221002,0.106001638,3.455538273,Dauphin Island,1.785,123,5.15,238,3.22,179,28.1,127,21.04,147,Brooklyn,1564.78,4.11526096,3.862999763,4.475000229,-88.9850231,30.39210604,294.1775256,0
8706,No Damage,BARQ AVE,,,BARQ,AVE,,,,,,2,135,135,134,134,2,Mississippi Gulf Base Mapping,5,E4,9/18/09,1,3,Harrison,2007 Coast,89.11354995,5.656501476,5.489999771,5.843333244,1.028825682,0.076029643,2.875191212,Dauphin Island,1.785,123,5.15,238,3.22,179,28.1,127,21.04,147,Brooklyn,1486.78,3.871501476,3.704999771,4.058333244,-88.9857604,30.39153938,284.2215116,0
5447,No Damage,EDGEWATER DR,,,EDGEWATER,DR,,,,,,2,131,169,130,168,2,Mississippi Gulf Base Mapping,5,E4,9/18/09,1,3,Harrison,2007 Coast,200.0395322,5.801080366,5.539999962,6.122499943,1.557508566,0.076029643,4.939352989,Dauphin Island,1.785,123,5.15,238,3.22,179,28.1,127,21.04,147,Brooklyn,1447.78,4.016080366,3.754999962,4.337499943,-88.9862434,30.39205257,284.2215116,0
15611,Damage,E BEACH BLVD,E,,BEACH,BLVD,,90,HWY,,,2,0,0,2470,2500,2,Mississippi Gulf Base Mapping,5,E4,9/18/09,1,3,Harrison,2007 Coast,210.8407279,3.832278036,3.386666775,4.409999847,2.75620435,0.238820449,5.565871716,Dauphin Island,1.785,123,5.15,238,3.22,179,28.1,127,21.04,147,Brooklyn,1565.78,2.047278036,1.601666775,2.624999847,-88.9823289,30.39004698,83.06526019,0
9200,No Damage,BRIARFIELD AVE,,,BRIARFIELD,AVE,,,,,,2,101,139,100,138,2,Mississippi Gulf Base Mapping,5,E4,9/18/09,1,3,Harrison,2007 Coast,238.709821,5.021582726,3.677999973,5.78249979,1.432738321,0.045488313,3.46165204,Dauphin Island,1.785,123,5.15,238,3.22,179,28.1,127,21.04,147,Brooklyn,1490.78,3.236582726,1.892999973,3.99749979,-88.9812793,30.39110553,84.75398447,0
15871,No Damage,GRANDVIEW DR,,,GRANDVIEW,DR,,,,,,3,0,0,0,0,6,Mississippi Gulf Base Mapping,5,E4,9/18/09,1,3,Harrison,2007 Coast,672.8658908,5.385275191,3.803999901,6.769999981,1.500654325,0.037976243,4.431031227,Dauphin Island,1.785,123,5.15,238,3.22,179,28.1,127,21.04,147,Brooklyn,1569.78,3.600275191,2.018999901,4.984999981,-88.9835038,30.39134049,88.75598743,0
12034,No Damage,BEACON PL,,,BEACON,PL,,,,,,2,2459,2469,2458,2470,2,Mississippi Gulf Base Mapping,5,E4,9/18/09,1,3,Harrison,2007 Coast,101.4254847,5.553516066,5.320000172,5.782000065,1.147948642,0.107246369,2.746600389,Dauphin Island,1.785,123,5.15,238,3.22,179,28.1,127,21.04,147,Brooklyn,1523.78,3.768516066,3.535000172,3.997000065,-88.9808571,30.39214343,280.7029992,0
16198,No Damage,BRIARFIELD AVE,,,BRIARFIELD,AVE,,,,,,2,141,159,140,158,2,Mississippi Gulf Base Mapping,5,E4,9/18/09,1,3,Harrison,2007 Coast,152.3924374,5.890731767,5.662499905,6.146666527,1.467087689,0.239196315,2.818307638,Dauphin Island,1.785,123,5.15,238,3.22,179,28.1,127,21.04,147,Brooklyn,1572.78,4.105731767,3.877499905,4.361666527,-88.9812752,30.39269507,323.4096744,0
7584,No Damage,PINE GROVE AVE,,,PINE GROVE,AVE,,,,,,2,123,129,122,128,2,Mississippi Gulf Base Mapping,5,E4,9/18/09,1,3,Harrison,2007 Coast,29.53705194,5.444942507,5.320000172,5.578000069,1.020226256,0.248431563,2.508684397,Dauphin Island,1.785,123,5.15,238,3.22,179,28.1,127,21.04,147,Brooklyn,1474.78,3.659942507,3.535000172,3.793000069,-88.980339,30.39207157,280.7029992,0
16177,Damage,E BEACH BLVD,E,,BEACH,BLVD,,90,HWY,,,2,0,0,0,0,2,Mississippi Gulf Base Mapping,5,E4,9/18/09,1,3,Harrison,2007 Coast,89.13761002,3.155747881,2.875999928,3.516000032,1.920492584,0.122950822,4.087141991,Dauphin Island,1.785,123,5.15,238,3.22,179,28.1,127,21.04,147,Brooklyn,1571.78,1.370747881,1.090999928,1.731000032,-88.9806305,30.39008087,72.24908641,0
5479,No Damage,OAKMONT PL,,,OAKMONT,PL,,,,,,2,101,119,100,118,2,Mississippi Gulf Base Mapping,5,E4,9/18/09,1,3,Harrison,2007 Coast,139.2144216,4.940736036,3.190000057,5.989999771,2.049680826,0.368721187,8.008415222,Dauphin Island,1.785,123,5.15,238,3.22,179,28.1,127,21.04,147,Brooklyn,1448.78,3.155736036,1.405000057,4.204999771,-88.9770368,30.3913317,91.76529032,0
15221,No Damage,BEACON PL,,,BEACON,PL,,,,,,2,2467,2469,2466,2468,2,Mississippi Gulf Base Mapping,5,E4,9/18/09,1,3,Harrison,2007 Coast,91.94450488,5.619468911,5.434000015,5.792500019,0.750561478,0.011143099,1.963671923,Dauphin Island,1.785,123,5.15,238,3.22,179,28.1,127,21.04,147,Brooklyn,1563.78,3.834468911,3.649000015,4.007500019,-88.9799843,30.39217283,290.2629694,0
19130,No Damage,E BEACH BLVD,E,,BEACH,BLVD,,90,HWY,,,2,0,0,2260,2292,2,Mississippi Gulf Base Mapping,5,E4,9/18/09,1,3,Harrison,2007 Coast,301.7678533,3.136720928,2.744999886,3.575999975,1.798767349,0.094558053,8.353281975,Dauphin Island,1.785,123,5.15,238,3.22,179,28.1,127,21.04,147,Brooklyn,1601.78,1.351720928,0.959999886,1.790999975,-88.9711902,30.39168546,87.8312209,0
7156,No Damage,,,,,,,,,,,0,0,0,0,0,0,Mississippi Gulf Base Mapping,5,E4,9/18/09,1,3,Harrison,2007 Coast,78.65130083,4.104492849,2.412499905,5.223333359,2.061346246,0.142070264,5.851160526,Dauphin Island,1.785,123,5.15,238,3.22,179,28.1,127,21.04,147,Brooklyn,1467.78,2.319492849,0.627499905,3.438333359,-88.9639576,30.39230512,84.59776817,0
18674,No Damage,E BEACH BLVD,E,,BEACH,BLVD,,90,HWY,,,2,0,0,1954,2062,2,Mississippi Gulf Base Mapping,5,E4,9/18/09,1,3,Harrison,2007 Coast,669.6694654,2.894844181,2.377500057,4.087500095,1.53437525,0.01772932,6.114450932,Dauphin Island,1.785,123,5.15,238,3.22,179,28.1,127,21.04,147,Brooklyn,1599.78,1.109844181,0.592500057,2.302500095,-88.9567982,30.39247002,91.49520716,0
14256,Damage,E BEACH BLVD,E,,BEACH,BLVD,,90,HWY,,,2,0,0,0,0,2,Mississippi Gulf Base Mapping,0,E4,9/18/09,0,0,Harrison,2007 Coast,247.9668276,2.753935085,2.355000019,3.190000057,2.038448757,0.15870133,6.266238213,Dauphin Island,1.785,123,5.15,238,3.22,179,28.1,127,21.04,147,Brooklyn,1962.78,0.968935085,0.570000019,1.405000057,-88.9211054,30.39436974,72.02133306,0
10127,No Damage,E BEACH BLVD,E,,BEACH,BLVD,,90,HWY,,,2,0,0,1830,1900,2,Mississippi Gulf Base Mapping,5,E4,9/18/09,1,3,Harrison,2007 Coast,430.7426784,4.648578599,3.920000076,5.157999992,1.934555079,0.105018407,5.844844341,Dauphin Island,1.785,123,5.15,238,3.22,179,28.1,127,21.04,147,Brooklyn,1618.78,2.863578599,2.135000076,3.372999992,-88.9494355,30.39357075,202.203308,0
16266,No Damage,RODENGERG AVE,,,RODENBERG,AVE,,,,,,2,101,199,100,198,2,Mississippi Gulf Base Mapping,5,E4,9/18/09,1,3,Harrison,2007 Coast,444.4976369,5.931491787,2.50333333,7.005000114,1.803788816,0.137250945,5.16169548,Dauphin Island,1.785,123,5.15,238,3.22,179,28.1,127,21.04,147,Brooklyn,1987.78,4.146491787,0.71833333,5.220000114,-88.9384822,30.39496769,141.9425011,0
5854,No Damage,SYLVANIA ST,,,SYLVANIA,ST,,,,,,2,101,199,100,198,2,Mississippi Gulf Base Mapping,5,E4,9/18/09,1,3,Harrison,2007 Coast,86.33006469,2.964006849,2.002500057,3.976666689,1.927544179,0.217092037,4.918525696,Dauphin Island,1.785,123,5.15,238,3.22,179,28.1,127,21.04,147,Brooklyn,1854.78,1.179006849,0.217500057,2.191666689,-88.9307992,30.39386211,78.44322039,0
13259,No Damage,E BEACH BLVD,E,,BEACH,BLVD,,90,HWY,,,2,0,0,1442,1468,2,Mississippi Gulf Base Mapping,0,E4,9/18/09,0,0,Harrison,2007 Coast,238.4261025,4.832164477,4.070000172,5.440000057,2.834486733,0.280891389,9.267972946,Dauphin Island,1.785,123,5.15,238,3.22,179,28.1,127,21.04,147,Brooklyn,1944.78,3.047164477,2.285000172,3.655000057,-88.9241305,30.39448192,104.3270851,0
13049,No Damage,FATHER RYAN AVE,,,FATHER RYAN,AVE,,,,,,2,1361,1449,1360,1450,2,Mississippi Gulf Base Mapping,0,E4,9/18/09,0,0,Harrison,2007 Coast,543.30224,7.418901645,6.934999943,7.881428719,0.793058434,0.00178951,2.208323479,Dauphin Island,1.785,123,5.15,238,3.22,179,28.1,127,21.04,147,Brooklyn,1942.78,5.633901645,5.149999943,6.096428719,-88.9206029,30.39644054,288.4128211,0
9964,Damage,E BEACH BLVD,E,,BEACH,BLVD,,90,HWY,,,2,1303,1327,0,0,2,Mississippi Gulf Base Mapping,0,E4,9/18/09,0,0,Harrison,2007 Coast,161.5676517,2.992231779,2.696666718,3.674999952,2.701350097,0.304630011,6.332257271,Dauphin Island,1.785,123,5.15,238,3.22,179,28.1,127,21.04,147,Brooklyn,1911.78,1.207231779,0.911666718,1.889999952,-88.9152053,30.3947271,76.22088053,0
16633,No Damage,E BEACH BLVD,E,,BEACH,BLVD,,90,HWY,,,2,0,0,1330,1356,2,Mississippi Gulf Base Mapping,0,E4,9/18/09,0,0,Harrison,2007 Coast,166.9190921,3.658802229,3.109999895,4.526666641,2.41520958,0.045063946,7.246868134,Dauphin Island,1.785,123,5.15,238,3.22,179,28.1,127,21.04,147,Brooklyn,1995.78,1.873802229,1.324999895,2.741666641,-88.9168176,30.39478452,87.32590296,0
17777,No Damage,ST FRANCIS ST,,,ST FRANCIS,ST,,,,,,2,101,155,100,154,2,Mississippi Gulf Base Mapping,5,E4,9/18/09,1,3,Harrison,2007 Coast,201.4528946,5.503975787,3.109999895,7.377142906,2.542628696,0.045063946,5.520688057,Dauphin Island,1.785,123,5.15,238,3.22,179,28.1,127,21.04,147,Brooklyn,2013.78,3.718975787,1.324999895,5.592142906,-88.9177935,30.39561292,87.34203031,0
6701,No Damage,ST PAUL ST,,,ST PAUL,ST,,,,,,2,101,139,100,138,2,Mississippi Gulf Base Mapping,0,E4,9/18/09,0,0,Harrison,2007 Coast,186.3890745,6.451222817,3.907999992,7.452000141,2.051577741,0.094106793,5.248720646,Dauphin Island,1.785,123,5.15,238,3.22,179,28.1,127,21.04,147,Brooklyn,1870.78,4.666222817,2.122999992,5.667000141,-88.916056,30.39563565,91.55252534,0
5716,No Damage,ST JUDE ST,,,ST JUDE,ST,,,,,,2,101,149,100,148,2,Mississippi Gulf Base Mapping,0,E4,9/18/09,0,0,Harrison,2007 Coast,193.6756962,6.165611292,3.028000116,7.690000057,1.831666092,0.247839227,6.957386494,Dauphin Island,1.785,123,5.15,238,3.22,179,28.1,127,21.04,147,Brooklyn,1852.78,4.380611292,1.243000116,5.905000057,-88.9143257,30.3957092,103.9629581,0
11729,No Damage,FATHER RYAN AVE,,,FATHER RYAN,AVE,,,,,,2,1301,1329,0,0,2,Mississippi Gulf Base Mapping,0,E4,9/18/09,0,0,Harrison,2007 Coast,166.188632,7.494654703,7.03000021,7.800000191,0.806800673,0.094106793,2.197042942,Dauphin Island,1.785,123,5.15,238,3.22,179,28.1,127,21.04,147,Brooklyn,1931.78,5.709654703,5.24500021,6.015000191,-88.9151462,30.39654255,277.9007762,0
14419,Damage,E BEACH BLVD,E,,BEACH,BLVD,,90,HWY,,,2,1159,1197,0,0,2,Mississippi Gulf Base Mapping,0,E4,9/18/09,0,0,Harrison,2007 Coast,209.1323132,2.630417179,2.154999971,2.974999905,1.244445727,0.084246024,3.090703249,Dauphin Island,1.785,123,5.15,238,3.22,179,28.1,127,21.04,147,Brooklyn,1967.78,0.845417179,0.369999971,1.189999905,-88.9078042,30.39462648,80.56197118,0
5515,No Damage,MORRISON AVE,,,MORRISON,AVE,,,,,,2,101,149,100,148,2,Mississippi Gulf Base Mapping,5,E4,9/18/09,1,3,Harrison,2007 Coast,261.6430002,6.371829529,2.815000057,7.647500038,1.813119926,0.061772417,9.875370026,Dauphin Island,1.785,123,5.15,238,3.22,179,28.1,127,21.04,147,Brooklyn,1848.78,4.586829529,1.030000057,5.862500038,-88.9100383,30.39586017,114.5807733,0
19785,No Damage,CALDWELL AVE,,,CALDWELL,AVE,,,,,,2,101,149,100,148,2,Mississippi Gulf Base Mapping,0,E4,9/18/09,0,0,Harrison,2007 Coast,189.8112525,6.405117008,3.443333387,7.523333549,2.033727408,0.15477249,8.369317055,Dauphin Island,1.785,123,5.15,238,3.22,179,28.1,127,21.04,147,Brooklyn,2040.78,4.620117008,1.658333387,5.738333549,-88.9089616,30.39578291,119.5004814,0
8398,No Damage,FATHER RYAN AVE,,,FATHER RYAN,AVE,,,,,,2,1171,1199,1170,1198,2,Mississippi Gulf Base Mapping,5,E4,9/18/09,1,3,Harrison,2007 Coast,103.8478493,6.418264929,5.432499886,7.340000153,2.680063036,0.713419795,6.760583401,Dauphin Island,1.785,123,5.15,238,3.22,179,28.1,127,21.04,147,Brooklyn,1890.78,4.633264929,3.647499886,5.555000153,-88.9094781,30.39661103,306.5806023,0
8301,No Damage,CALDWELL AVE,,,CALDWELL,AVE,,,,,,2,151,199,150,200,2,Mississippi Gulf Base Mapping,0,E4,9/18/09,0,0,Harrison,2007 Coast,194.1249194,6.307499997,5.380000114,7.733333111,2.048760292,0.139346614,4.703981876,Dauphin Island,1.785,123,5.15,238,3.22,179,28.1,127,21.04,147,Brooklyn,1886.78,4.522499997,3.595000114,5.948333111,-88.9089594,30.397044,308.723481,0
20016,No Damage,MORRISON AVE,,,MORRISON,AVE,,,,,,2,151,221,150,220,2,Mississippi Gulf Base Mapping,0,E4,9/18/09,0,0,Harrison,2007 Coast,193.7887573,6.314667112,5.630000114,7.340000153,1.922382168,0.314480603,4.832384109,Dauphin Island,1.785,123,5.15,238,3.22,179,28.1,127,21.04,147,Brooklyn,2045.78,4.529667112,3.845000114,5.555000153,-88.9100532,30.39698245,309.1112973,0
17525,Damage,E BEACH BLVD,E,,BEACH,BLVD,,90,HWY,,,2,1097,1155,0,0,2,Mississippi Gulf Base Mapping,0,E4,9/18/09,0,0,Harrison,2007 Coast,208.9241555,2.791439968,1.980000019,3.067500114,1.98733164,0.128180057,8.034477234,Dauphin Island,1.785,123,5.15,238,3.22,179,28.1,127,21.04,147,Brooklyn,2009.78,1.006439968,0.195000019,1.282500114,-88.9046207,30.39464802,87.92067939,0
8315,No Damage,AZALEA DR,,,AZALEA,DR,,,,,,2,101,189,100,190,2,Mississippi Gulf Base Mapping,5,E4,9/18/09,1,3,Harrison,2007 Coast,364.7972968,5.920789563,4.255000114,7.285999775,2.36941148,0.031127259,7.495107174,Dauphin Island,1.785,123,5.15,238,3.22,179,28.1,127,21.04,147,Brooklyn,1887.78,4.135789563,2.470000114,5.500999775,-88.9044375,30.39618794,120.8911733,0
13305,No Damage,GILL AVE,,,GILL,AVE,,,,,,2,101,135,100,134,2,Mississippi Gulf Base Mapping,0,E4,9/18/09,0,0,Harrison,2007 Coast,172.0281576,4.754638599,3.460000038,5.736000061,3.735853591,0.096029542,9.452147484,Dauphin Island,1.785,123,5.15,238,3.22,179,28.1,127,21.04,147,Brooklyn,1946.78,2.969638599,1.675000038,3.951000061,-88.9035289,30.39560833,115.5312076,0
13636,No Damage,BOLTON LN,,,BOLTON,LN,,,,,,2,1061,1099,1060,1100,2,Mississippi Gulf Base Mapping,5,E4,9/18/09,1,3,Harrison,2007 Coast,165.1881823,5.124952413,2.769999981,6.527999878,3.615479237,0.190926388,9.562189102,Dauphin Island,1.785,123,5.15,238,3.22,179,28.1,127,21.04,147,Brooklyn,1954.78,3.339952413,0.984999981,4.742999878,-88.9026998,30.39636431,287.2139934,0
16396,No Damage,GILL AVE,,,GILL,AVE,,,,,,2,137,181,136,180,2,Mississippi Gulf Base Mapping,0,E4,9/18/09,0,0,Harrison,2007 Coast,194.2503589,5.248669323,3.380000114,7.525000095,2.314390031,0.209528118,5.896289825,Dauphin Island,1.785,123,5.15,238,3.22,179,28.1,127,21.04,147,Brooklyn,1989.78,3.463669323,1.595000114,5.740000095,-88.9035582,30.39685124,287.2139934,0
16701,No Damage,PORTER AVE,,,PORTER,AVE,,,,,,2,145,157,144,156,2,Mississippi Gulf Base Mapping,0,E4,9/18/09,0,0,Harrison,2007 Coast,42.11527557,6.59651755,6.223333359,6.858833313,1.198385553,0.086070843,4.032603264,Dauphin Island,1.785,123,5.15,238,3.22,179,28.1,127,21.04,147,Brooklyn,1997.78,4.81151755,4.438333359,5.073833313,-88.90183,30.39658117,306.7720861,0
14004,Damage,E BEACH BLVD,E,,BEACH,BLVD,,90,HWY,,,2,1045,1095,0,0,2,Mississippi Gulf Base Mapping,0,E4,9/18/09,0,0,Harrison,2007 Coast,171.511952,2.663978383,2.153333426,3.297499895,2.005909314,0.134434655,7.908806801,Dauphin Island,1.785,123,5.15,238,3.22,179,28.1,127,21.04,147,Brooklyn,1959.78,0.878978383,0.368333426,1.512499895,-88.9026412,30.39454561,91.73450907,0
16409,No Damage,LESTRADE PL,,,LESTRADE,PL,,,,,,2,131,155,130,156,2,Mississippi Gulf Base Mapping,5,E4,9/18/09,1,3,Harrison,2007 Coast,62.1999678,6.593429982,5.364999771,7.139999866,1.981010899,0.27227667,7.278060913,Dauphin Island,1.785,123,5.15,238,3.22,179,28.1,127,21.04,147,Brooklyn,1991.78,4.808429982,3.579999771,5.354999866,-88.9015171,30.39604825,270.7253308,0
9036,No Damage,BENACHI AVE,,,BENACHI,AVE,,,,,,2,101,185,100,184,2,Mississippi Gulf Base Mapping,5,E4,9/18/09,1,3,Harrison,2007 Coast,406.6982585,6.333096492,2.371999979,7.510000229,1.887085531,0.089525774,10.583148,Dauphin Island,1.785,123,5.15,238,3.22,179,28.1,127,21.04,147,Brooklyn,1898.78,4.548096492,0.586999979,5.725000229,-88.8996491,30.39585013,108.6945901,0
7446,No Damage,LESTRADE PL,,,LESTRADE,PL,,,,,,2,137,155,136,156,2,Mississippi Gulf Base Mapping,0,E4,9/18/09,0,0,Harrison,2007 Coast,79.9650601,7.275532831,7.070000172,7.406666756,0.636429667,0.138938844,1.922436118,Dauphin Island,1.785,123,5.15,238,3.22,179,28.1,127,21.04,147,Brooklyn,1878.78,5.490532831,5.285000172,5.621666756,-88.9011761,30.39640885,285.6545305,0
14407,No Damage,SUTER PL,,,SUTER,PL,,,,,,2,101,179,100,180,2,Mississippi Gulf Base Mapping,5,E4,9/18/09,1,3,Harrison,2007 Coast,390.1870525,5.42303929,2.192500114,6.690000057,1.575608639,0.115215898,5.196709156,Dauphin Island,1.785,123,5.15,238,3.22,179,28.1,127,21.04,147,Brooklyn,1966.78,3.63803929,0.407500114,4.905000057,-88.898612,30.39585495,103.5012737,0
18119,No Damage,OAK GROVE PL,,,OAK GROVE,PL,,,,,,2,129,175,128,176,2,Mississippi Gulf Base Mapping,5,E4,9/18/09,1,3,Harrison,2007 Coast,207.5351218,5.745001802,4.635000229,6.659999847,1.9136668,0.250725567,4.554278851,Dauphin Island,1.785,123,5.15,238,3.22,179,28.1,127,21.04,147,Brooklyn,1830.78,3.960001802,2.850000229,4.874999847,-88.8979359,30.39660364,275.0717093,0